state,district,year,crop,area_harvested_ha,production_tonnes,yield_kg_per_ha
Maharashtra,Ahmednagar,2019,Tomato,15404.84,579977.11,4289.36
Maharashtra,Jalgaon,2019,Maize,7615.17,110163.04,3168.7
Maharashtra,Ahmednagar,2018,Maize,7266.13,506421.51,3413.27
Maharashtra,Solapur,2020,Chickpea,25976.83,609704.98,5674.26
Maharashtra,Aurangabad,2022,Soybean,37486.48,742839.75,2640.37
Maharashtra,Nashik,2021,Tomato,28266.68,381393.19,4656.39
Maharashtra,Pune,2021,Sugarcane,43677.3,1360310.25,2340.72
Maharashtra,Satara,2019,Maize,15862.03,427975.01,2325.2
Maharashtra,Nashik,2025,Maize,29792.82,1277400.39,5596.69
Maharashtra,Jalgaon,2018,Tomato,33095.96,667706.18,4342.69
Maharashtra,Dhule,2025,Maize,14106.44,1077375.97,5609.27
Maharashtra,Pune,2024,Onion,19875.57,166798.13,5970.2
Maharashtra,Pune,2019,Sugarcane,29587.9,817183.51,501.12
Maharashtra,Dhule,2019,Sugarcane,1144.44,1441258.43,5907.33
Maharashtra,Dhule,2024,Maize,44341.88,999543.69,1054.79
Maharashtra,Nashik,2024,Sugarcane,5642.1,1230523.75,887.26
Maharashtra,Sangli,2023,Cotton,2473.14,391975.16,4722.95
Maharashtra,Pune,2020,Sugarcane,10830.26,1200353.3,2426.02
Maharashtra,Nashik,2025,Onion,25165.67,527204.45,5547.97
Maharashtra,Ahmednagar,2025,Wheat,16502.0,727874.61,3494.79
Maharashtra,Ahmednagar,2025,Wheat,22063.27,282342.6,2623.61
Maharashtra,Aurangabad,2021,Soybean,4305.13,728804.73,903.91
Maharashtra,Jalgaon,2022,Chickpea,11731.92,773794.91,3055.5
Maharashtra,Aurangabad,2018,Onion,4973.27,933679.6,2028.44
Maharashtra,Nashik,2022,Rice,11562.36,1303016.37,921.37
Maharashtra,Pune,2018,Chickpea,35195.12,457624.31,4187.14
Maharashtra,Jalgaon,2021,Tomato,28807.01,1476213.1,5875.35
Maharashtra,Sangli,2025,Tomato,16765.15,1271611.09,2584.03
Maharashtra,Jalgaon,2020,Rice,13135.24,604682.47,2134.96
Maharashtra,Satara,2022,Chickpea,49876.64,340382.13,994.78
Maharashtra,Aurangabad,2018,Rice,38416.6,107706.12,1727.3
Maharashtra,Aurangabad,2019,Maize,41120.01,351929.1,2067.35
Maharashtra,Ahmednagar,2024,Chickpea,1415.6,1326842.12,2392.97
Maharashtra,Dhule,2021,Wheat,3073.38,438401.1,3986.82
Maharashtra,Jalgaon,2020,Chickpea,35659.46,207400.73,1131.8
Maharashtra,Pune,2024,Onion,9672.46,34500.55,821.33
Maharashtra,Jalgaon,2023,Wheat,21340.21,446871.68,5618.2
Maharashtra,Solapur,2019,Maize,9289.91,324620.99,4895.54
Maharashtra,Dhule,2020,Potato,8935.89,153752.42,2030.22
Maharashtra,Sangli,2018,Onion,5542.94,1426653.16,4013.36
Maharashtra,Satara,2025,Chickpea,29753.58,401799.0,3758.71
Maharashtra,Solapur,2019,Tomato,36991.14,9762.16,4586.56
Maharashtra,Sangli,2023,Rice,2936.55,1416441.24,5226.12
Maharashtra,Nashik,2025,Wheat,13850.04,867980.52,2467.64
Maharashtra,Ahmednagar,2023,Chickpea,32952.58,124678.04,4134.58
Maharashtra,Solapur,2020,Potato,19676.57,47617.26,4911.22
Maharashtra,Nashik,2021,Sugarcane,35262.83,162219.67,4346.12
Maharashtra,Ahmednagar,2022,Potato,37985.49,887440.53,5571.75
Maharashtra,Solapur,2023,Wheat,1711.47,93276.47,3220.78
Maharashtra,Jalgaon,2023,Onion,19104.9,852426.82,4914.52
Maharashtra,Ahmednagar,2024,Tomato,36484.03,978985.26,5503.58
Maharashtra,Ahmednagar,2022,Tomato,18982.96,221791.38,3563.79
Maharashtra,Solapur,2019,Sugarcane,391.08,732904.9,595.11
Maharashtra,Jalgaon,2021,Onion,16881.52,1445837.95,4999.05
Maharashtra,Jalgaon,2021,Chickpea,43645.37,1254814.43,5153.19
Maharashtra,Nashik,2024,Sugarcane,47601.75,1085184.84,2699.18
Maharashtra,Dhule,2020,Wheat,28069.78,776843.82,1759.93
Maharashtra,Aurangabad,2019,Sugarcane,15387.37,591715.0,5879.82
Maharashtra,Nashik,2024,Soybean,23356.61,677426.39,3533.93
Maharashtra,Pune,2021,Chickpea,11886.56,1147032.71,3338.99
Maharashtra,Aurangabad,2020,Rice,8489.47,831669.79,5703.41
Maharashtra,Sangli,2021,Maize,24727.41,1147098.65,2744.53
Maharashtra,Satara,2019,Sugarcane,36860.53,1454824.52,5164.75
Maharashtra,Pune,2021,Wheat,11200.99,960950.97,4353.58
Maharashtra,Aurangabad,2024,Chickpea,45485.91,904853.78,5822.43
Maharashtra,Sangli,2021,Sugarcane,8494.56,609539.84,2857.58
Maharashtra,Ahmednagar,2021,Onion,27964.74,295532.55,5491.94
Maharashtra,Kolhapur,2022,Soybean,38841.52,561614.01,3628.84
Maharashtra,Nashik,2018,Maize,10748.09,780385.74,3117.32
Maharashtra,Sangli,2019,Tomato,14892.58,52766.06,2181.15
Maharashtra,Ahmednagar,2025,Cotton,2669.06,713969.63,3539.84
Maharashtra,Pune,2025,Rice,47203.03,1293292.92,3649.04
Maharashtra,Ahmednagar,2025,Onion,24399.91,1464948.23,5441.15
Maharashtra,Aurangabad,2022,Maize,3308.88,1283395.23,4372.34
Maharashtra,Solapur,2025,Chickpea,41523.33,258386.63,5045.61
Maharashtra,Pune,2018,Soybean,28510.27,232942.28,4730.22
Maharashtra,Pune,2023,Onion,2858.71,590271.65,2021.56
Maharashtra,Ahmednagar,2021,Wheat,22599.74,338532.99,1631.89
Maharashtra,Pune,2021,Potato,21776.71,1014153.76,1921.65
Maharashtra,Satara,2024,Wheat,7389.48,127294.88,1306.19
Maharashtra,Pune,2022,Rice,21076.6,665857.01,2622.79
Maharashtra,Nashik,2020,Soybean,14212.07,420894.19,4096.45
Maharashtra,Dhule,2019,Onion,35027.1,893306.63,3453.38
Maharashtra,Aurangabad,2018,Maize,374.05,1195699.0,4235.68
Maharashtra,Solapur,2025,Rice,5408.16,1385382.93,2458.54
Maharashtra,Pune,2021,Rice,45940.58,1445797.17,1629.03
Maharashtra,Solapur,2025,Onion,21723.33,527116.2,1615.17
Maharashtra,Pune,2025,Wheat,8891.48,1283843.75,3804.74
Maharashtra,Sangli,2019,Rice,39682.0,888148.62,1403.62
Maharashtra,Kolhapur,2021,Soybean,42594.47,1038536.99,2684.42
Maharashtra,Satara,2021,Onion,10639.58,1276770.28,1670.58
Maharashtra,Pune,2021,Potato,35708.64,195604.76,4145.18
Maharashtra,Solapur,2024,Sugarcane,30795.27,1421137.2,3884.81
Maharashtra,Dhule,2019,Rice,37278.33,821321.94,2596.19
Maharashtra,Kolhapur,2022,Chickpea,39416.13,504336.97,1207.95
Maharashtra,Kolhapur,2019,Cotton,33080.7,508427.52,1664.99
Maharashtra,Solapur,2019,Onion,47815.23,1126625.0,3097.15
Maharashtra,Nashik,2023,Soybean,43224.9,1018150.46,5846.45
Maharashtra,Kolhapur,2025,Chickpea,11525.68,1094355.4,1989.26
Maharashtra,Satara,2020,Tomato,45686.93,379866.76,1551.55
Maharashtra,Dhule,2024,Wheat,18043.91,255709.23,1713.76
Maharashtra,Sangli,2020,Cotton,36354.44,1082928.55,4394.77
Maharashtra,Dhule,2024,Sugarcane,42415.71,448071.85,5530.76
Maharashtra,Aurangabad,2022,Sugarcane,21874.88,334043.01,913.44
Maharashtra,Dhule,2020,Tomato,2670.28,322305.45,4621.09
Maharashtra,Jalgaon,2025,Wheat,47488.11,223027.2,3220.34
Maharashtra,Nashik,2025,Soybean,3716.75,640510.08,5038.55
Maharashtra,Ahmednagar,2024,Potato,17470.67,391792.39,2818.28
Maharashtra,Satara,2022,Wheat,29862.72,1340851.28,528.69
Maharashtra,Solapur,2024,Sugarcane,5965.08,1033864.89,4255.38
Maharashtra,Dhule,2021,Tomato,41926.5,1115921.14,4943.84
Maharashtra,Aurangabad,2021,Cotton,10250.77,605713.93,5461.12
Maharashtra,Nashik,2025,Potato,49301.58,900514.17,3629.78
Maharashtra,Sangli,2019,Potato,45830.03,751446.36,1171.27
Maharashtra,Solapur,2021,Tomato,30267.35,251593.47,2534.09
Maharashtra,Nashik,2020,Onion,33034.5,72256.62,4813.38
Maharashtra,Aurangabad,2025,Maize,26726.96,1025435.92,3219.27
Maharashtra,Satara,2018,Soybean,19616.09,182198.1,4345.84
Maharashtra,Aurangabad,2019,Potato,17650.23,86495.06,525.79
Maharashtra,Ahmednagar,2022,Wheat,44593.58,663080.07,901.51
Maharashtra,Sangli,2021,Maize,28873.32,1107170.54,4246.4
Maharashtra,Satara,2019,Chickpea,41182.36,1153418.22,2096.11
Maharashtra,Solapur,2019,Sugarcane,25752.15,1310267.68,2635.03
Maharashtra,Aurangabad,2019,Wheat,15420.54,299221.43,4031.73
Maharashtra,Aurangabad,2021,Tomato,4678.8,1478443.78,1116.08
Maharashtra,Satara,2022,Maize,16252.47,1144932.0,5079.9
Maharashtra,Kolhapur,2025,Sugarcane,44017.86,236241.41,1294.39
Maharashtra,Pune,2019,Cotton,35626.86,1261161.57,4533.05
Maharashtra,Kolhapur,2025,Onion,39312.91,748689.43,2110.13
Maharashtra,Kolhapur,2019,Cotton,38694.37,100286.28,1929.84
Maharashtra,Pune,2019,Wheat,6086.62,198496.64,5016.96
Maharashtra,Ahmednagar,2023,Tomato,8027.14,651122.98,3537.11
Maharashtra,Ahmednagar,2025,Rice,15930.24,795994.96,1630.24
Maharashtra,Nashik,2021,Rice,15121.34,1421264.88,514.0
Maharashtra,Nashik,2023,Onion,3397.44,323960.85,5851.69
Maharashtra,Aurangabad,2020,Wheat,7758.23,711419.71,2872.62
Maharashtra,Satara,2022,Potato,42825.89,339221.26,2685.83
Maharashtra,Jalgaon,2019,Onion,29493.34,837821.83,776.73
Maharashtra,Jalgaon,2023,Cotton,17179.92,1364022.45,5419.22
Maharashtra,Nashik,2019,Tomato,26371.25,851841.98,1273.23
Maharashtra,Kolhapur,2023,Soybean,13139.54,765350.77,2345.01
Maharashtra,Satara,2019,Sugarcane,29233.73,1125319.05,2816.07
Maharashtra,Solapur,2024,Wheat,3824.08,221846.51,4955.58
Maharashtra,Ahmednagar,2021,Onion,45142.27,1358469.68,2477.07
Maharashtra,Jalgaon,2020,Maize,12098.28,866662.14,3423.04
Maharashtra,Aurangabad,2019,Maize,40971.87,1029620.97,2858.02
Maharashtra,Sangli,2023,Potato,33033.94,1228531.66,2215.15
Maharashtra,Dhule,2019,Wheat,26198.05,952739.26,5704.67
Maharashtra,Solapur,2021,Tomato,46496.84,961987.18,
Maharashtra,Solapur,2022,Wheat,7924.98,1094567.35,1458.94
Maharashtra,Satara,2022,Maize,6051.95,78828.72,3550.88
Maharashtra,Satara,2020,Rice,16160.82,573624.66,4881.08
Maharashtra,Ahmednagar,2024,Tomato,41528.04,1444423.65,3688.84
Maharashtra,Pune,2022,Tomato,1856.55,387274.81,3215.79
Maharashtra,Jalgaon,2019,Tomato,12046.34,813612.04,896.33
Maharashtra,Pune,2021,Cotton,21292.64,263553.48,1083.37
Maharashtra,Jalgaon,2024,Sugarcane,35675.76,485249.84,1848.82
Maharashtra,Dhule,2025,Rice,15035.72,1075761.52,3323.68
Maharashtra,Aurangabad,2019,Onion,22460.81,964819.49,5930.13
Maharashtra,Kolhapur,2019,Sugarcane,16908.84,621767.38,4912.46
Maharashtra,Sangli,2020,Wheat,4693.81,1407145.25,1105.28
Maharashtra,Ahmednagar,2022,Maize,36959.93,1162682.7,4444.93
Maharashtra,Pune,2022,Rice,23122.83,402251.78,4957.59
Maharashtra,Dhule,2022,Chickpea,40644.35,698436.75,2778.45
Maharashtra,Pune,2023,Soybean,34765.18,1317112.74,2315.81
Maharashtra,Dhule,2019,Maize,2984.98,34184.94,3715.38
Maharashtra,Sangli,2021,Chickpea,25053.79,872408.69,3355.34
Maharashtra,Jalgaon,2021,Onion,49543.7,348324.64,1958.67
Maharashtra,Solapur,2025,Sugarcane,15462.73,96198.27,2685.58
Maharashtra,Dhule,2019,Tomato,24698.61,1369335.19,3494.41
Maharashtra,Kolhapur,2018,Cotton,32636.42,1224516.39,3689.58
Maharashtra,Dhule,2019,Potato,10193.05,278347.69,3424.62
Maharashtra,Sangli,2025,Maize,35155.11,1255501.26,5153.59
Maharashtra,Pune,2025,Wheat,33022.86,220067.9,674.6
Maharashtra,Kolhapur,2025,Maize,18810.53,714503.96,2331.41
Maharashtra,Ahmednagar,2025,Tomato,14293.52,1088797.06,4624.08
Maharashtra,Aurangabad,2024,Potato,45963.22,800941.49,4084.8
Maharashtra,Aurangabad,2025,Chickpea,6438.48,1276245.68,5550.47
Maharashtra,Aurangabad,2023,Cotton,21658.34,925508.35,3734.12
Maharashtra,Aurangabad,2024,Onion,38372.48,648211.49,4009.83
Maharashtra,Pune,2022,Maize,7492.04,1387780.55,4377.21
Maharashtra,Ahmednagar,2019,Wheat,46653.08,-100.0,1524.1
Maharashtra,Solapur,2023,Chickpea,26360.0,732854.09,4642.84
Maharashtra,Aurangabad,2018,Wheat,25290.3,991341.92,2149.39
Maharashtra,Kolhapur,2019,Maize,21271.44,1254169.56,2834.76
Maharashtra,Aurangabad,2024,Sugarcane,43385.76,811964.21,577.04
Maharashtra,Nashik,2022,Potato,47427.23,1328333.82,5139.61
Maharashtra,Satara,2020,Chickpea,19065.39,639702.12,5744.21
Maharashtra,Satara,2021,Sugarcane,27165.44,476034.31,831.05
Maharashtra,Dhule,2018,Soybean,15839.61,1460731.17,3993.6
Maharashtra,Pune,2020,Tomato,18464.04,1000937.85,5784.28
Maharashtra,Pune,2021,Cotton,1513.84,638954.39,3837.95
Maharashtra,Nashik,2020,Maize,39318.18,1317345.51,4888.73
Maharashtra,Ahmednagar,2024,Sugarcane,48469.72,1024779.08,1149.71
Maharashtra,Kolhapur,2019,Potato,38499.37,957083.09,1846.67
Maharashtra,Dhule,2025,Sugarcane,25958.75,1092942.63,2401.54
Maharashtra,Kolhapur,2019,Soybean,41392.75,1107570.52,5896.42
Maharashtra,Jalgaon,2021,Rice,42908.16,739728.59,4799.78
Maharashtra,Dhule,2021,Cotton,27271.68,629251.69,5371.15
Maharashtra,Dhule,2019,Wheat,46864.16,1363969.38,3178.92
Maharashtra,Pune,2019,Tomato,1605.49,746122.99,4442.43
Maharashtra,Nashik,2023,Tomato,603.79,324124.55,4523.61
Maharashtra,Satara,2021,Chickpea,4164.82,782643.38,3629.08
Maharashtra,Kolhapur,2021,Cotton,2987.1,52115.94,5328.83
Maharashtra,Satara,2025,Soybean,21288.09,1085115.87,1370.38
Maharashtra,Kolhapur,2025,Wheat,47022.02,190912.6,816.36
Maharashtra,Dhule,2025,Cotton,33793.66,168030.54,2172.31
Maharashtra,Pune,2025,Cotton,33006.7,1419561.04,985.49
Maharashtra,Nashik,2024,Soybean,19305.81,1158948.74,831.74
Maharashtra,Aurangabad,2023,Rice,26734.95,621636.05,2804.99
Maharashtra,Dhule,2021,Rice,15278.32,359744.43,1602.78
Maharashtra,Dhule,2024,Rice,25940.1,1265313.98,4845.81
Maharashtra,Dhule,2022,Chickpea,37358.38,1452891.47,3688.81
Maharashtra,Aurangabad,2024,Rice,27978.75,762776.98,2483.26
Maharashtra,Kolhapur,2023,Sugarcane,21001.7,870324.07,2075.99
Maharashtra,Pune,2022,Rice,42261.61,364958.71,3597.26
Maharashtra,Solapur,2025,Chickpea,14443.4,884080.77,2887.01
Maharashtra,Jalgaon,2019,Wheat,24126.2,601196.15,806.54
Maharashtra,Dhule,2022,Rice,48909.55,1268444.96,4158.55
Maharashtra,Solapur,2024,Soybean,48369.35,565980.97,3248.67
Maharashtra,Dhule,2018,Sugarcane,413.6,973344.33,2022.95
Maharashtra,Aurangabad,2019,Tomato,26658.45,305597.29,2097.28
Maharashtra,Satara,2018,Sugarcane,16912.27,136463.92,2990.32
Maharashtra,Jalgaon,2020,Chickpea,14632.07,61012.65,5051.76
Maharashtra,Nashik,2018,Maize,29852.98,623760.33,2826.78
Maharashtra,Satara,2020,Wheat,22370.59,245711.32,5117.69
Maharashtra,Solapur,2018,Rice,36668.82,1490223.55,2836.75
Maharashtra,Ahmednagar,2024,Cotton,1454.0,1197675.89,5064.52
Maharashtra,Sangli,2024,Wheat,46351.85,1040213.04,5623.41
Maharashtra,Aurangabad,2020,Chickpea,28422.91,1205076.04,613.16
Maharashtra,Dhule,2025,Cotton,34234.93,394489.51,842.38
Maharashtra,Aurangabad,2020,Maize,30268.87,1318956.34,1237.11
Maharashtra,Satara,2019,Maize,49457.67,1493456.77,1171.66
Maharashtra,Nashik,2024,Chickpea,49316.29,435136.78,2999.63
Maharashtra,Satara,2021,Tomato,30533.58,1476980.71,4702.19
Maharashtra,Kolhapur,2021,Tomato,34229.77,480934.62,5787.31
Maharashtra,Satara,2019,Maize,30966.64,18078.81,2797.79
Maharashtra,Ahmednagar,2020,Tomato,15602.98,551137.48,4286.65
Maharashtra,Jalgaon,2021,Soybean,9711.42,1496273.74,3995.29
Maharashtra,Aurangabad,2021,Potato,20197.88,952909.31,2662.51
Maharashtra,Aurangabad,2018,Cotton,34169.57,1043361.07,4466.18
Maharashtra,Solapur,2022,Onion,2893.27,357901.55,3755.73
Maharashtra,Sangli,2019,Sugarcane,25763.83,219307.18,4679.67
Maharashtra,Sangli,2022,Potato,20479.03,1328322.9,1565.07
Maharashtra,Ahmednagar,2020,Tomato,26421.49,620381.61,2481.49
Maharashtra,Pune,2018,Cotton,43025.31,6659.32,4191.72
Maharashtra,Dhule,2021,Rice,2475.75,441721.81,1186.42
Maharashtra,Kolhapur,2023,Onion,38204.84,294000.3,4737.19
Maharashtra,Sangli,2018,Onion,33378.8,905856.5,1233.92
Maharashtra,Nashik,2019,Rice,10272.01,1134306.69,2284.5
Maharashtra,Aurangabad,2024,Tomato,36735.77,746499.0,1806.41
Maharashtra,Nashik,2020,Cotton,24868.96,279255.59,835.42
Maharashtra,Dhule,2018,Onion,24103.14,87417.71,1988.61
Maharashtra,Solapur,2018,Potato,24205.22,470644.24,5513.31
Maharashtra,Solapur,2018,Sugarcane,47466.78,1209042.07,648.11
Maharashtra,Jalgaon,2021,Chickpea,47223.79,629560.55,592.56
Maharashtra,Pune,2020,Chickpea,45689.04,378750.53,4373.47
Maharashtra,Sangli,2021,Potato,44348.43,31576.8,2517.78
Maharashtra,Satara,2018,Sugarcane,1975.65,744345.05,1763.58
Maharashtra,Satara,2024,Soybean,20089.69,1027390.75,3298.8
Maharashtra,Aurangabad,2021,Maize,44754.37,285899.03,1966.72
Maharashtra,Ahmednagar,2021,Onion,37780.82,806014.66,2656.1
Maharashtra,Aurangabad,2019,Potato,22887.32,631397.72,4434.35
Maharashtra,Satara,2025,Rice,38685.33,1056069.54,1142.99
Maharashtra,Aurangabad,2022,Chickpea,10488.47,1290977.05,5778.11
Maharashtra,Aurangabad,2022,Tomato,30029.98,460919.8,733.91
Maharashtra,Sangli,2025,Sugarcane,26696.61,1357204.23,4935.96
Maharashtra,Dhule,2019,Cotton,28720.0,1060574.22,4485.25
Maharashtra,Solapur,2019,Sugarcane,36117.59,56230.59,2051.49
Maharashtra,Aurangabad,2023,Maize,47495.12,1186968.72,1150.78
Maharashtra,Aurangabad,2025,Chickpea,13274.19,742193.28,5188.06
Maharashtra,Ahmednagar,2021,Onion,37926.73,1418218.61,4237.86
Maharashtra,Satara,2023,Sugarcane,32292.53,485785.43,2099.85
Maharashtra,Aurangabad,2021,Potato,34787.74,887024.88,593.11
Maharashtra,Jalgaon,2020,Sugarcane,21503.09,1434241.2,5661.7
Maharashtra,Dhule,2022,Potato,47234.47,407104.02,2723.39
Maharashtra,Aurangabad,2021,Maize,24034.85,708194.34,1469.47
Maharashtra,Dhule,2020,Cotton,6167.43,1128866.98,5515.09
Maharashtra,Ahmednagar,2025,Sugarcane,34066.58,1036802.48,2474.61
Maharashtra,Nashik,2024,Rice,6530.57,1258135.55,3047.88
Maharashtra,Ahmednagar,2023,Chickpea,16201.48,779935.12,4342.4
Maharashtra,Ahmednagar,2022,Onion,11477.48,478722.33,5006.8
Maharashtra,Satara,2025,Tomato,26992.83,802859.37,1050.98
Maharashtra,Ahmednagar,2020,Chickpea,17440.44,525265.07,5442.71
Maharashtra,Pune,2020,Sugarcane,8076.68,265057.59,5628.97
Maharashtra,Jalgaon,2019,Potato,39561.64,832677.07,1925.98
Maharashtra,Satara,2018,Rice,23477.73,73046.64,3235.63
Maharashtra,Sangli,2018,Chickpea,22777.01,55344.67,5218.31
Maharashtra,Ahmednagar,2018,Sugarcane,44329.51,97328.02,3180.42
Maharashtra,Kolhapur,2020,Wheat,26987.34,1009080.45,3150.86
Maharashtra,Kolhapur,2021,Sugarcane,35523.82,610776.78,3901.88
Maharashtra,Solapur,2025,Soybean,16470.46,741425.72,4720.92
Maharashtra,Aurangabad,2023,Sugarcane,28108.35,515426.59,4160.9
Maharashtra,Pune,2018,Wheat,36348.09,380827.52,3946.12
Maharashtra,Pune,2021,Cotton,14893.95,537778.59,2544.19
Maharashtra,Dhule,2024,Maize,34457.85,290470.57,3965.41
Maharashtra,Solapur,2024,Soybean,28481.28,1018297.48,1068.0
Maharashtra,Kolhapur,2022,Sugarcane,21766.24,153052.37,2752.57
Maharashtra,Ahmednagar,2023,Rice,35677.18,775592.62,1535.93
Maharashtra,Jalgaon,2023,Chickpea,15913.53,715502.08,3456.62
Maharashtra,Aurangabad,2018,Potato,35753.69,453234.46,1941.25
Maharashtra,Jalgaon,2020,Cotton,27600.59,153882.94,3282.64
Maharashtra,Kolhapur,2019,Sugarcane,12355.63,1055184.89,4775.29
Maharashtra,Kolhapur,2024,Onion,33446.95,854525.77,2886.96
Maharashtra,Nashik,2020,Tomato,44249.74,1214309.79,1703.01
Maharashtra,Aurangabad,2025,Chickpea,15569.7,353667.8,1726.4
Maharashtra,Dhule,2023,Sugarcane,40635.36,1187450.39,5484.4
Maharashtra,Pune,2024,Tomato,16872.9,438272.61,4794.98
Maharashtra,Dhule,2021,Potato,41073.95,169329.8,701.15
Maharashtra,Pune,2024,Tomato,2652.44,202806.97,5684.98
Maharashtra,Nashik,2022,Rice,460.04,331977.19,1119.11
Maharashtra,Dhule,2023,Tomato,5751.78,1023802.13,4091.18
Maharashtra,Solapur,2020,Chickpea,43709.75,366320.62,3533.27
Maharashtra,Aurangabad,2023,Rice,26732.72,906004.5,756.7
Maharashtra,Satara,2025,Tomato,29745.65,385155.91,2123.45
Maharashtra,Aurangabad,2019,Soybean,42126.05,548152.59,4767.19
Maharashtra,Aurangabad,2024,Tomato,2627.23,1334637.03,2187.84
Maharashtra,Nashik,2019,Onion,19416.64,750792.88,3141.83
Maharashtra,Jalgaon,2022,Cotton,32190.21,900577.61,4338.73
Maharashtra,Kolhapur,2018,Wheat,20293.54,284320.61,893.65
Maharashtra,Sangli,2025,Soybean,1703.3,197693.35,5079.33
Maharashtra,Satara,2020,Maize,32582.09,620063.8,728.7
Maharashtra,Ahmednagar,2023,Maize,19630.92,1283150.56,1943.13
Maharashtra,Jalgaon,2025,Sugarcane,1058.53,361765.03,4696.87
Maharashtra,Pune,2025,Sugarcane,8608.87,932727.84,5515.31
Maharashtra,Aurangabad,2020,Chickpea,10957.35,1308208.28,4681.89
Maharashtra,Nashik,2019,Potato,25579.73,1401648.43,1748.5
Maharashtra,Nashik,2021,Tomato,9400.11,1490688.51,5921.48
Maharashtra,Aurangabad,2025,Cotton,18130.23,1144554.26,2773.34
Maharashtra,Pune,2020,Cotton,37558.22,112977.67,2570.48
Maharashtra,Satara,2024,Chickpea,40405.22,1307257.26,5258.8
Maharashtra,Satara,2025,Soybean,39791.11,1328512.49,864.15
Maharashtra,Jalgaon,2019,Potato,34784.63,836145.62,3558.45
Maharashtra,Aurangabad,2021,Tomato,27136.43,101613.78,5810.94
Maharashtra,Solapur,2018,Sugarcane,27576.45,715259.63,1050.72
Maharashtra,Dhule,2024,Tomato,47674.04,316444.7,3474.67
Maharashtra,Solapur,2018,Cotton,43905.65,663439.55,1228.51
Maharashtra,Ahmednagar,2019,Wheat,32524.23,1086327.65,5394.88
Maharashtra,Solapur,2024,Cotton,23477.9,1001492.19,3732.62
Maharashtra,Nashik,2019,Tomato,36480.61,1170097.76,1790.32
Maharashtra,Jalgaon,2018,Maize,3229.52,715045.85,2188.74
Maharashtra,Sangli,2019,Sugarcane,47235.95,766432.73,3341.47
Maharashtra,Kolhapur,2024,Rice,27424.22,1403566.01,4489.41
Maharashtra,Ahmednagar,2022,Cotton,25189.24,946959.93,3181.22
Maharashtra,Sangli,2020,Wheat,14612.66,1121437.18,1540.96
Maharashtra,Aurangabad,2022,Onion,269.14,996943.6,4394.72
Maharashtra,Solapur,2021,Rice,3156.04,960907.88,1151.0
Maharashtra,Kolhapur,2019,Cotton,13224.12,1370356.45,4951.74
Maharashtra,Sangli,2019,Cotton,27123.16,535050.45,2675.8
Maharashtra,Pune,2024,Tomato,4270.66,641821.65,4089.91
Maharashtra,Ahmednagar,2021,Maize,48605.4,569935.73,2395.85
Maharashtra,Dhule,2024,Onion,20606.94,1147912.76,4179.9
Maharashtra,Ahmednagar,2020,Maize,15884.24,1302695.21,5390.53
Maharashtra,Kolhapur,2018,Chickpea,26307.3,536574.85,4357.72
Maharashtra,Sangli,2025,Maize,3342.83,213949.43,4192.75
Maharashtra,Kolhapur,2022,Chickpea,42537.49,741412.88,4665.76
Maharashtra,Aurangabad,2020,Tomato,23067.83,1476500.66,3251.17
Maharashtra,Jalgaon,2018,Wheat,8998.94,305920.81,
Maharashtra,Kolhapur,2018,Potato,8170.55,678275.41,4985.37
Maharashtra,Satara,2019,Sugarcane,18111.62,407444.51,4066.65
Maharashtra,Nashik,2021,Cotton,28710.8,1384056.99,2226.01
Maharashtra,Solapur,2023,Wheat,20903.6,826600.5,2017.29
Maharashtra,Dhule,2025,Rice,29880.19,868327.32,3249.61
Maharashtra,Nashik,2019,Potato,35303.34,12887.74,1640.18
Maharashtra,Satara,2024,Cotton,37449.59,979343.24,5330.31
Maharashtra,Pune,2023,Wheat,20107.68,459875.46,4837.15
Maharashtra,Jalgaon,2025,Sugarcane,35878.47,770367.81,2195.73
Maharashtra,Dhule,2021,Wheat,7161.07,796835.54,771.72
Maharashtra,Jalgaon,2025,Tomato,25703.5,888540.68,785.27
Maharashtra,Jalgaon,2019,Potato,3718.48,1235397.32,2134.16
Maharashtra,Pune,2022,Onion,12280.87,448752.49,1311.29
Maharashtra,Pune,2019,Wheat,29201.02,384614.0,5303.33
Maharashtra,Jalgaon,2022,Sugarcane,37046.99,1193815.37,2814.31
Maharashtra,Pune,2023,Sugarcane,4855.94,1078218.5,2414.15
Maharashtra,Solapur,2020,Maize,10432.79,338809.6,1698.45
Maharashtra,Pune,2020,Maize,49595.72,1754.12,5126.61
Maharashtra,Nashik,2023,Potato,16949.12,999071.51,4858.57
Maharashtra,Aurangabad,2023,Cotton,14273.63,236188.45,2613.8
Maharashtra,Kolhapur,2019,Soybean,4354.33,1435515.92,
Maharashtra,Sangli,2020,Onion,34772.65,906808.72,5735.94
Maharashtra,Ahmednagar,2018,Sugarcane,25461.84,1274552.91,2237.23
Maharashtra,Dhule,2025,Maize,7961.79,1208529.47,4741.0
Maharashtra,Sangli,2022,Tomato,31681.62,836917.69,3046.77
Maharashtra,Nashik,2023,Tomato,26335.44,657806.9,4799.05
Maharashtra,Jalgaon,2024,Soybean,28290.77,745449.21,3148.85
Maharashtra,Sangli,2021,Cotton,49743.25,1204581.62,5590.58
Maharashtra,Ahmednagar,2022,Maize,1527.78,960855.83,4902.33
Maharashtra,Satara,2019,Onion,45757.11,308972.91,1931.59
Maharashtra,Dhule,2020,Cotton,42110.35,914228.0,2867.08
Maharashtra,Pune,2020,Tomato,20825.61,607297.54,1053.24
Maharashtra,Ahmednagar,2025,Soybean,44059.22,92415.61,5469.09
Maharashtra,Kolhapur,2018,Potato,32463.21,572213.16,881.13
Maharashtra,Pune,2020,Maize,44478.79,341788.5,600.33
Maharashtra,Sangli,2019,Rice,29777.07,1257957.51,3230.38
Maharashtra,Jalgaon,2019,Tomato,10885.85,157946.69,3817.21
Maharashtra,Kolhapur,2021,Soybean,28853.45,541254.86,1727.68
Maharashtra,Ahmednagar,2022,Soybean,9035.21,1043390.23,3638.02
Maharashtra,Pune,2024,Cotton,7127.31,1346139.18,5425.59
Maharashtra,Aurangabad,2025,Chickpea,32737.66,503307.41,3943.63
Maharashtra,Jalgaon,2022,Cotton,47379.08,909854.57,3006.57
Maharashtra,Jalgaon,2022,Rice,29465.95,560787.56,1294.36
Maharashtra,Jalgaon,2024,Soybean,39809.8,304720.26,1429.18
Maharashtra,Aurangabad,2025,Onion,8501.38,488913.84,3163.95
Maharashtra,Ahmednagar,2021,Cotton,32745.1,954035.29,3047.17
Maharashtra,Nashik,2021,Onion,36675.58,1074650.84,3373.14
Maharashtra,Jalgaon,2021,Maize,2176.56,556223.11,3293.4
Maharashtra,Kolhapur,2018,Sugarcane,4948.5,229221.81,2377.03
Maharashtra,Pune,2021,Rice,39100.89,209766.49,4327.25
Maharashtra,Satara,2025,Chickpea,22053.51,1219014.84,1667.16
Maharashtra,Jalgaon,2020,Soybean,20338.49,980083.64,5187.81
Maharashtra,Dhule,2023,Sugarcane,46026.44,1092182.19,1569.18
Maharashtra,Satara,2018,Chickpea,49599.09,732637.2,2787.38
Maharashtra,Satara,2024,Maize,38242.79,686251.01,1659.09
Maharashtra,Dhule,2020,Onion,39650.43,317119.62,3901.49
Maharashtra,Jalgaon,2024,Rice,10495.22,252925.38,3127.01
Maharashtra,Dhule,2022,Onion,9692.05,231293.06,2558.73
Maharashtra,Nashik,2019,Chickpea,49036.07,1487687.08,3113.23
Maharashtra,Pune,2022,Cotton,34785.08,1231427.16,2816.82
Maharashtra,Satara,2021,Chickpea,34366.82,939381.35,5203.41
Maharashtra,Dhule,2019,Cotton,14380.78,321998.67,1183.47
Maharashtra,Solapur,2022,Maize,44335.32,506819.38,4862.5
Maharashtra,Solapur,2018,Sugarcane,2317.58,526503.18,4104.31
Maharashtra,Pune,2021,Potato,13802.06,716771.27,2415.76
Maharashtra,Aurangabad,2022,Wheat,9089.05,633284.19,5555.06
Maharashtra,Nashik,2019,Chickpea,35583.69,1401262.7,1473.2
Maharashtra,Aurangabad,2020,Sugarcane,35795.96,1081354.09,2206.59
Maharashtra,Jalgaon,2022,Rice,26783.1,122567.16,2561.63
Maharashtra,Kolhapur,2018,Soybean,362.45,540255.22,4062.88
Maharashtra,Jalgaon,2019,Rice,43700.39,199877.46,5705.26
Maharashtra,Pune,2022,Potato,47783.8,419392.16,3763.96
Maharashtra,Aurangabad,2020,Maize,10195.39,1438360.06,5209.68
Maharashtra,Sangli,2021,Potato,42127.41,1058042.69,5477.35
Maharashtra,Pune,2025,Sugarcane,48666.99,12274.37,3065.55
Maharashtra,Aurangabad,2021,Maize,16416.01,493627.51,3098.39
Maharashtra,Kolhapur,2024,Sugarcane,9334.34,658333.25,1874.99
Maharashtra,Jalgaon,2021,Potato,48879.25,903950.89,3808.73
Maharashtra,Ahmednagar,2023,Wheat,3081.19,749840.66,1160.15
Maharashtra,Nashik,2019,Onion,13870.44,105124.24,3988.81
Maharashtra,Solapur,2024,Potato,37127.26,773563.43,5410.93
Maharashtra,Solapur,2024,Rice,30905.94,195823.78,4684.32
Maharashtra,Satara,2024,Wheat,34257.08,779040.05,4070.54
Maharashtra,Sangli,2023,Wheat,35433.77,369479.88,5111.22
Maharashtra,Sangli,2024,Cotton,34338.6,216716.35,4513.98
Maharashtra,Jalgaon,2020,Wheat,17177.84,432240.45,3413.14
Maharashtra,Nashik,2025,Rice,15643.86,149883.31,3365.85
Maharashtra,Dhule,2020,Wheat,21480.48,426333.59,1088.52
Maharashtra,Dhule,2022,Sugarcane,40403.41,1300465.59,2889.28
Maharashtra,Dhule,2021,Cotton,46919.72,461102.46,3373.47
Maharashtra,Ahmednagar,2019,Chickpea,22816.78,705597.94,3084.54
Maharashtra,Aurangabad,2023,Soybean,4379.73,779952.63,4768.08
Maharashtra,Dhule,2023,Potato,46921.1,267846.99,1385.29
Maharashtra,Pune,2021,Soybean,4113.37,662955.8,4871.94
Maharashtra,Dhule,2023,Chickpea,8039.57,1279545.19,4579.15
Maharashtra,Dhule,2021,Potato,43397.13,121250.35,5454.52
Maharashtra,Ahmednagar,2025,Sugarcane,27618.78,1384268.02,2554.0
Maharashtra,Solapur,2022,Sugarcane,17699.04,1306734.8,1470.99
Maharashtra,Jalgaon,2022,Onion,46552.39,1283816.36,4672.46
Maharashtra,Jalgaon,2022,Sugarcane,48029.27,298214.89,3736.37
Maharashtra,Aurangabad,2018,Potato,16605.06,726728.24,4418.71
Maharashtra,Jalgaon,2018,Maize,43434.36,924425.13,5982.07
Maharashtra,Aurangabad,2023,Rice,33958.59,150374.91,1569.97
Maharashtra,Satara,2019,Onion,13797.12,835489.85,2760.78
Maharashtra,Nashik,2019,Sugarcane,47077.49,1260144.8,1559.83
Maharashtra,Dhule,2022,Potato,3247.15,1404862.63,5233.43
Maharashtra,Jalgaon,2020,Tomato,15965.32,-100.0,593.4
Maharashtra,Dhule,2019,Tomato,19873.45,433464.61,1243.73
Maharashtra,Nashik,2023,Chickpea,34563.6,406460.56,1863.29
Maharashtra,Satara,2024,Chickpea,2017.81,230598.38,4742.28
Maharashtra,Jalgaon,2018,Tomato,44499.87,646355.27,3956.5
Maharashtra,Jalgaon,2025,Tomato,32989.24,1176811.04,2637.37
Maharashtra,Kolhapur,2024,Potato,13823.64,1068276.92,1372.85
Maharashtra,Kolhapur,2024,Tomato,32951.27,1350528.87,2268.85
Maharashtra,Solapur,2023,Soybean,26892.5,533934.35,4588.81
Maharashtra,Kolhapur,2023,Sugarcane,16880.16,858542.77,2600.73
Maharashtra,Aurangabad,2018,Soybean,1526.96,1149919.97,3044.27
Maharashtra,Sangli,2025,Wheat,27599.92,1347310.87,3847.44
Maharashtra,Aurangabad,2021,Cotton,4200.86,-100.0,5520.88
Maharashtra,Sangli,2024,Wheat,40527.8,698543.63,
Maharashtra,Nashik,2022,Wheat,4517.43,1360333.32,2963.98
Maharashtra,Pune,2025,Onion,21494.09,666361.61,2206.77
Maharashtra,Jalgaon,2024,Maize,21784.13,1354296.91,3064.03
Maharashtra,Pune,2023,Wheat,27854.46,1165567.72,4330.54
Maharashtra,Aurangabad,2025,Maize,2071.44,332861.06,3151.35
Maharashtra,Pune,2020,Potato,10271.24,1394536.68,5089.95
Maharashtra,Jalgaon,2025,Potato,10055.11,364075.65,3542.92
Maharashtra,Ahmednagar,2022,Wheat,29988.63,1362675.73,2621.71
Maharashtra,Pune,2024,Tomato,13255.41,922856.05,4802.77
Maharashtra,Kolhapur,2018,Soybean,7295.33,1001230.47,2872.28
Maharashtra,Jalgaon,2020,Sugarcane,1015.82,164445.56,3335.54
Maharashtra,Satara,2019,Tomato,42043.19,99078.67,5970.69
Maharashtra,Kolhapur,2021,Onion,48580.26,1452527.37,4825.37
Maharashtra,Ahmednagar,2023,Onion,35192.77,505723.12,5203.28
Maharashtra,Ahmednagar,2018,Soybean,20694.35,1266634.49,3760.68
Maharashtra,Dhule,2021,Maize,6188.35,1056860.94,2415.19
Maharashtra,Kolhapur,2023,Onion,23807.73,906405.5,5951.98
Maharashtra,Sangli,2024,Cotton,22920.35,1027972.32,1842.11
Maharashtra,Satara,2024,Rice,21051.83,134536.06,5300.49
Maharashtra,Jalgaon,2023,Tomato,18977.35,618886.67,5512.16
Maharashtra,Ahmednagar,2025,Potato,24888.0,910811.05,4996.55
Maharashtra,Ahmednagar,2022,Tomato,3751.72,1301410.65,1127.46
Maharashtra,Satara,2020,Rice,2010.9,1072173.68,5197.62
Maharashtra,Dhule,2022,Soybean,3291.62,379584.5,4150.78
Maharashtra,Sangli,2025,Wheat,10079.92,1477396.97,4244.53
Maharashtra,Nashik,2021,Chickpea,13975.71,964733.37,4825.92
Maharashtra,Ahmednagar,2024,Sugarcane,8555.94,752224.27,3197.96
Maharashtra,Dhule,2018,Potato,12670.64,1172177.53,1969.36
Maharashtra,Solapur,2021,Potato,9373.29,904249.26,3662.13
Maharashtra,Jalgaon,2018,Rice,7622.09,1065127.82,1097.72
Maharashtra,Satara,2024,Rice,14719.83,925891.29,4211.43
Maharashtra,Aurangabad,2024,Potato,19935.88,268667.62,3156.18
Maharashtra,Solapur,2021,Soybean,37238.91,815262.41,3262.82
Maharashtra,Solapur,2025,Maize,47781.94,425010.18,1522.02
Maharashtra,Aurangabad,2022,Tomato,45956.37,855647.52,727.06
Maharashtra,Sangli,2025,Tomato,23849.1,188692.56,3861.98
Maharashtra,Kolhapur,2024,Sugarcane,23121.12,348332.66,4123.57
Maharashtra,Kolhapur,2021,Rice,6372.32,1213179.53,3240.61
Maharashtra,Aurangabad,2019,Sugarcane,48589.83,608203.18,4711.52
Maharashtra,Kolhapur,2024,Wheat,38028.88,1010840.44,3600.44
Maharashtra,Sangli,2022,Rice,42393.66,747023.81,5165.08
Maharashtra,Jalgaon,2021,Onion,11784.77,511375.51,2084.65
Maharashtra,Pune,2021,Soybean,20114.19,743015.29,1837.1
Maharashtra,Dhule,2020,Potato,5221.99,1220643.37,1936.3
Maharashtra,Aurangabad,2024,Wheat,47046.57,422760.2,667.85
Maharashtra,Dhule,2022,Potato,14362.88,632454.7,5453.43
Maharashtra,Ahmednagar,2020,Soybean,29840.89,304273.64,5995.53
Maharashtra,Sangli,2022,Soybean,7695.78,527107.85,4990.87
Maharashtra,Dhule,2025,Cotton,40159.55,1327722.01,2769.28
Maharashtra,Aurangabad,2018,Onion,9398.6,1178690.91,2446.63
Maharashtra,Jalgaon,2022,Maize,40488.28,560736.13,4760.75
Maharashtra,Kolhapur,2022,Maize,20147.95,199025.68,3304.7
Maharashtra,Solapur,2021,Wheat,28930.08,630245.05,5667.02
Maharashtra,Solapur,2019,Maize,13558.47,1157697.75,2037.69
Maharashtra,Ahmednagar,2023,Onion,44150.55,66179.59,2281.0
Maharashtra,Dhule,2022,Onion,38017.44,1118138.35,5993.54
Maharashtra,Satara,2020,Sugarcane,17778.27,1020024.94,5879.96
Maharashtra,Aurangabad,2019,Sugarcane,29309.67,97441.09,5368.55
Maharashtra,Satara,2025,Cotton,6536.52,953642.61,2725.46
Maharashtra,Aurangabad,2022,Soybean,8107.57,448334.44,5106.87
Maharashtra,Aurangabad,2019,Onion,26730.51,266339.34,2058.66
Maharashtra,Jalgaon,2025,Onion,32065.88,577630.49,1901.15
Maharashtra,Ahmednagar,2018,Tomato,27915.84,308478.95,3505.41
Maharashtra,Solapur,2019,Soybean,28014.46,1236921.54,5231.45
Maharashtra,Ahmednagar,2018,Wheat,37140.28,1113129.76,1036.1
Maharashtra,Ahmednagar,2019,Tomato,45130.13,1471139.05,3609.18
Maharashtra,Nashik,2019,Potato,19441.12,801345.23,3853.56
Maharashtra,Aurangabad,2020,Sugarcane,26892.97,134264.13,3688.89
Maharashtra,Satara,2023,Tomato,44661.9,551969.05,1701.74
Maharashtra,Jalgaon,2020,Maize,23267.5,1258036.25,852.71
Maharashtra,Sangli,2021,Potato,22312.93,595596.38,5422.46
Maharashtra,Aurangabad,2019,Potato,38349.07,683784.85,3659.82
Maharashtra,Pune,2018,Maize,43877.33,618250.31,4723.47
Maharashtra,Aurangabad,2024,Soybean,36909.85,-100.0,2504.4
Maharashtra,Solapur,2019,Maize,5096.21,110256.22,733.76
Maharashtra,Satara,2024,Potato,23292.07,271250.21,1927.61
Maharashtra,Kolhapur,2022,Cotton,10677.28,546232.65,903.51
Maharashtra,Kolhapur,2018,Sugarcane,15935.66,368533.81,930.33
Maharashtra,Solapur,2022,Rice,23490.84,859316.43,1679.53
Maharashtra,Aurangabad,2021,Potato,11154.28,921051.54,3984.68
Maharashtra,Aurangabad,2025,Onion,25845.09,855314.08,4997.74
Maharashtra,Sangli,2022,Rice,32199.47,127836.09,5017.46
Maharashtra,Solapur,2025,Potato,43757.43,1000457.05,5657.66
Maharashtra,Aurangabad,2025,Rice,10651.88,577176.94,4110.1
Maharashtra,Satara,2021,Maize,15597.2,1317299.09,609.24
Maharashtra,Kolhapur,2021,Soybean,20349.44,788658.75,2575.71
Maharashtra,Pune,2021,Sugarcane,11304.88,127229.75,1113.03
Maharashtra,Aurangabad,2025,Onion,16668.8,14322.53,4776.06
Maharashtra,Ahmednagar,2022,Potato,44179.19,1053917.18,1158.29
Maharashtra,Dhule,2021,Soybean,7018.87,601065.85,1082.57
Maharashtra,Kolhapur,2021,Soybean,22243.0,432349.81,655.15
Maharashtra,Nashik,2020,Cotton,15617.25,671044.97,5755.27
Maharashtra,Solapur,2024,Potato,3950.52,109053.14,4821.41
Maharashtra,Sangli,2025,Cotton,4896.65,588280.51,2333.21
Maharashtra,Ahmednagar,2023,Chickpea,39265.51,472392.29,2570.42
Maharashtra,Solapur,2019,Sugarcane,42631.42,1200383.61,826.86
Maharashtra,Aurangabad,2021,Rice,37096.24,262693.58,1368.54
Maharashtra,Aurangabad,2018,Rice,27007.53,1134597.2,2212.98
Maharashtra,Aurangabad,2018,Rice,38655.71,750853.6,2633.27
Maharashtra,Kolhapur,2020,Sugarcane,7685.59,123290.98,3909.87
Maharashtra,Dhule,2022,Wheat,39032.06,1454532.98,2426.83
Maharashtra,Jalgaon,2022,Onion,21231.41,1101447.37,5750.3
Maharashtra,Pune,2022,Wheat,37540.75,390511.35,2385.37
Maharashtra,Solapur,2025,Cotton,11464.69,872839.06,5678.77
Maharashtra,Nashik,2021,Wheat,41643.92,1349953.33,4514.23
Maharashtra,Ahmednagar,2023,Tomato,28449.02,1396245.05,5449.44
Maharashtra,Dhule,2024,Sugarcane,466.14,1096871.48,4367.36
Maharashtra,Kolhapur,2023,Chickpea,26011.43,1091641.4,3627.21
Maharashtra,Dhule,2022,Rice,15582.95,416403.19,3299.96
Maharashtra,Satara,2022,Sugarcane,2969.34,1484648.05,2102.36
Maharashtra,Sangli,2019,Cotton,22420.75,365600.07,2139.96
Maharashtra,Aurangabad,2023,Maize,15642.36,134564.94,1727.63
Maharashtra,Jalgaon,2021,Chickpea,10299.07,1466081.57,
Maharashtra,Sangli,2021,Sugarcane,17521.19,229691.77,1198.35
Maharashtra,Jalgaon,2024,Wheat,9062.4,782659.41,2631.83
Maharashtra,Solapur,2025,Chickpea,15060.62,702630.98,5085.59
Maharashtra,Sangli,2018,Wheat,5855.19,1272384.93,5286.61
Maharashtra,Nashik,2018,Tomato,4307.2,595290.51,4035.57
Maharashtra,Satara,2019,Rice,45509.97,753521.1,1912.45
Maharashtra,Ahmednagar,2020,Potato,45148.01,66084.68,1821.92
Maharashtra,Aurangabad,2021,Sugarcane,41417.46,312152.05,2028.61
Maharashtra,Pune,2024,Chickpea,11593.24,1249576.99,3250.22
Maharashtra,Satara,2018,Soybean,36321.94,717802.62,5870.44
Maharashtra,Nashik,2022,Rice,29526.64,346782.11,1100.51
Maharashtra,Jalgaon,2021,Soybean,2656.55,-100.0,3252.82
Maharashtra,Sangli,2021,Wheat,44989.33,428000.89,4252.34
Maharashtra,Kolhapur,2021,Chickpea,49899.31,834553.1,1851.13
Maharashtra,Aurangabad,2023,Chickpea,35465.2,77643.3,5830.12
Maharashtra,Jalgaon,2018,Rice,11652.24,337842.29,2419.62
Maharashtra,Jalgaon,2019,Sugarcane,27765.04,532770.01,5627.96
Maharashtra,Kolhapur,2018,Chickpea,5558.09,1392357.05,
Maharashtra,Solapur,2025,Potato,15009.08,935105.68,522.44
Maharashtra,Solapur,2022,Chickpea,35891.08,756628.36,2211.12
Maharashtra,Kolhapur,2022,Maize,15123.6,286639.77,618.52
Maharashtra,Dhule,2020,Onion,7445.57,837000.6,2598.12
Maharashtra,Kolhapur,2018,Cotton,472.81,1393549.82,5628.94
Maharashtra,Aurangabad,2018,Wheat,28668.47,849680.8,4784.59
Maharashtra,Solapur,2020,Tomato,48436.66,247578.7,3910.73
Maharashtra,Solapur,2025,Potato,24258.24,1495679.94,3462.04
Maharashtra,Dhule,2020,Potato,10709.34,748536.95,2549.2
Maharashtra,Jalgaon,2021,Rice,23217.67,479673.12,1663.47
Maharashtra,Kolhapur,2021,Potato,30143.98,755312.51,843.89
Maharashtra,Ahmednagar,2025,Maize,40088.28,395904.35,1545.81
Maharashtra,Aurangabad,2022,Chickpea,22688.66,46044.57,2433.36
Maharashtra,Nashik,2024,Cotton,8730.31,1334337.17,3359.95
Maharashtra,Sangli,2024,Potato,9481.7,643597.21,1624.22
Maharashtra,Satara,2024,Wheat,44996.33,1129462.6,5858.81
Maharashtra,Jalgaon,2024,Soybean,11888.47,1456897.44,922.68
Maharashtra,Sangli,2019,Potato,36428.08,949065.07,1021.35
Maharashtra,Nashik,2022,Potato,13520.54,1037578.7,4254.31
Maharashtra,Solapur,2023,Sugarcane,36056.05,1414889.8,4652.84
Maharashtra,Pune,2018,Maize,4010.35,775073.39,5848.48
Maharashtra,Solapur,2024,Wheat,10448.91,480189.87,3417.44
Maharashtra,Kolhapur,2019,Cotton,20494.19,1382115.69,1412.64
Maharashtra,Jalgaon,2021,Soybean,25814.3,103956.67,5658.61
Maharashtra,Ahmednagar,2020,Soybean,17712.26,322304.63,5891.29
Maharashtra,Ahmednagar,2020,Maize,28718.46,-100.0,5579.33
Maharashtra,Solapur,2025,Cotton,16335.95,1173276.38,5294.11
Maharashtra,Kolhapur,2024,Potato,33954.1,1355900.22,926.66
Maharashtra,Satara,2022,Maize,25609.23,677953.93,5201.8
Maharashtra,Sangli,2024,Chickpea,35284.95,429548.47,5742.75
Maharashtra,Solapur,2018,Rice,21605.85,530139.48,3537.73
Maharashtra,Dhule,2018,Wheat,43837.36,984992.7,4749.23
Maharashtra,Solapur,2020,Potato,19168.43,237431.67,4134.93
Maharashtra,Ahmednagar,2025,Potato,15475.87,821372.46,2084.32
Maharashtra,Kolhapur,2022,Wheat,27898.54,882870.73,3731.36
Maharashtra,Pune,2023,Wheat,25507.71,1061929.7,
Maharashtra,Solapur,2022,Tomato,25953.09,906044.91,3230.12
Maharashtra,Dhule,2021,Cotton,39826.89,145884.95,3745.8
Maharashtra,Solapur,2024,Tomato,29470.98,1033353.93,3423.05
Maharashtra,Aurangabad,2021,Maize,44274.75,33110.27,2053.23
Maharashtra,Kolhapur,2021,Maize,30992.94,585768.05,4040.15
Maharashtra,Pune,2024,Rice,1182.89,625885.88,3302.09
Maharashtra,Sangli,2023,Rice,43532.64,175387.41,1779.0
Maharashtra,Solapur,2019,Soybean,42005.25,15280.78,5424.58
Maharashtra,Jalgaon,2022,Potato,2537.61,107207.18,5725.25
Maharashtra,Kolhapur,2022,Wheat,6351.69,669726.79,804.55
Maharashtra,Jalgaon,2023,Maize,27862.16,360911.19,3922.92
Maharashtra,Aurangabad,2024,Maize,2238.34,103936.11,2782.75
Maharashtra,Kolhapur,2021,Chickpea,20617.28,384979.91,3392.75
Maharashtra,Pune,2020,Maize,48770.5,793469.12,2556.06
Maharashtra,Pune,2025,Chickpea,8721.53,1113337.19,3108.97
Maharashtra,Pune,2021,Onion,10384.18,618296.02,2278.89
Maharashtra,Sangli,2019,Onion,33849.78,919916.87,1146.82
Maharashtra,Nashik,2023,Chickpea,2294.51,895348.63,2161.18
Maharashtra,Kolhapur,2024,Tomato,41052.24,1344523.6,4186.83
Maharashtra,Pune,2025,Potato,10031.65,269501.71,777.1
Maharashtra,Solapur,2020,Cotton,26624.55,714907.45,2605.03
Maharashtra,Jalgaon,2022,Chickpea,12513.28,947928.68,732.65
Maharashtra,Dhule,2019,Wheat,32978.21,779823.63,2459.46
Maharashtra,Aurangabad,2019,Rice,29402.08,675787.21,981.86
Maharashtra,Pune,2025,Potato,47327.34,1460201.74,2368.02
Maharashtra,Solapur,2023,Potato,22335.48,1413049.74,5109.48
Maharashtra,Solapur,2020,Potato,43756.46,917377.44,3873.75
Maharashtra,Pune,2021,Tomato,28833.51,659643.78,4252.62
Maharashtra,Pune,2021,Rice,45731.69,1133195.49,3270.9
Maharashtra,Sangli,2018,Rice,14661.92,769645.65,5573.1
Maharashtra,Solapur,2020,Chickpea,27533.08,1493356.65,3476.37
Maharashtra,Dhule,2021,Soybean,19562.48,1029062.97,1073.62
Maharashtra,Solapur,2019,Soybean,3388.28,102706.01,5632.07
Maharashtra,Dhule,2023,Sugarcane,28755.86,603165.03,1231.85
Maharashtra,Sangli,2021,Chickpea,39732.0,1095531.91,5995.44
Maharashtra,Nashik,2023,Chickpea,27854.56,1263632.68,2894.61
Maharashtra,Jalgaon,2025,Tomato,14039.17,1220147.57,904.17
Maharashtra,Dhule,2025,Potato,13265.07,1465867.97,5252.56
Maharashtra,Nashik,2021,Onion,11968.14,733936.18,1010.86
Maharashtra,Ahmednagar,2023,Tomato,48983.62,210530.53,1459.38
Maharashtra,Ahmednagar,2019,Onion,20021.06,978538.65,2795.41
Maharashtra,Sangli,2020,Wheat,15911.8,106587.99,4219.02
Maharashtra,Kolhapur,2018,Soybean,20981.56,1460298.19,1166.27
Maharashtra,Nashik,2023,Maize,5878.32,1137920.34,3924.44
Maharashtra,Nashik,2021,Onion,9881.37,1473231.45,4792.13
Maharashtra,Aurangabad,2023,Tomato,25494.22,566190.86,1179.23
Maharashtra,Satara,2023,Wheat,39962.47,24187.14,4061.64
Maharashtra,Sangli,2021,Sugarcane,43833.69,782173.9,5773.82
Maharashtra,Ahmednagar,2024,Sugarcane,43312.64,182214.32,5820.67
Maharashtra,Ahmednagar,2021,Chickpea,47243.07,1019601.73,1389.14
Maharashtra,Solapur,2020,Onion,6376.0,746578.36,4678.37
Maharashtra,Aurangabad,2019,Soybean,2144.42,1130293.74,5156.48
Maharashtra,Pune,2025,Potato,5375.99,436957.65,5389.3
Maharashtra,Jalgaon,2019,Soybean,30077.04,1243833.76,2280.25
Maharashtra,Solapur,2025,Chickpea,27850.34,976405.41,1985.65
Maharashtra,Aurangabad,2019,Maize,33593.38,1481570.73,763.24
Maharashtra,Ahmednagar,2019,Onion,18617.42,268246.27,
Maharashtra,Aurangabad,2019,Maize,19640.28,77233.54,1181.76
Maharashtra,Kolhapur,2025,Potato,27324.2,1276649.38,4824.42
Maharashtra,Jalgaon,2024,Chickpea,4044.9,508007.7,1286.32
Maharashtra,Pune,2019,Soybean,40013.62,647153.92,5003.98
Maharashtra,Satara,2021,Soybean,46150.49,1388539.56,1091.87
Maharashtra,Sangli,2021,Wheat,19428.53,661324.87,3143.39
Maharashtra,Nashik,2019,Chickpea,37004.66,447379.6,2615.49
Maharashtra,Kolhapur,2019,Sugarcane,27486.85,89713.49,3808.49
Maharashtra,Nashik,2020,Sugarcane,11876.83,664681.54,3353.25
Maharashtra,Aurangabad,2023,Soybean,3483.11,982599.81,3792.45
Maharashtra,Jalgaon,2020,Soybean,12370.36,404128.0,505.3
Maharashtra,Solapur,2022,Onion,30284.82,1076810.21,1201.27
Maharashtra,Dhule,2021,Onion,2107.47,717656.79,3344.16
Maharashtra,Nashik,2024,Rice,41825.92,1287231.88,1763.16
Maharashtra,Sangli,2019,Tomato,48518.28,243025.34,919.74
Maharashtra,Ahmednagar,2024,Chickpea,4266.75,1135740.96,1697.36
Maharashtra,Solapur,2023,Onion,12410.23,1398862.59,4789.23
Maharashtra,Solapur,2024,Soybean,33814.12,1112226.21,3479.32
Maharashtra,Dhule,2021,Potato,40323.41,609203.02,1545.42
Maharashtra,Aurangabad,2024,Soybean,17365.11,346068.42,587.88
Maharashtra,Aurangabad,2022,Chickpea,25810.4,148001.94,2466.78
Maharashtra,Ahmednagar,2025,Sugarcane,44598.79,963733.36,2466.08
Maharashtra,Nashik,2020,Maize,19281.48,214710.05,4543.19
Maharashtra,Sangli,2022,Soybean,4168.76,1257536.87,5556.9
Maharashtra,Pune,2018,Wheat,49745.22,1441125.65,2546.08
Maharashtra,Satara,2024,Chickpea,9095.98,204115.87,
Maharashtra,Solapur,2025,Cotton,2534.21,564391.4,3991.98
Maharashtra,Jalgaon,2020,Soybean,20591.61,1405939.52,2821.44
Maharashtra,Kolhapur,2025,Wheat,6161.03,706321.52,862.4
Maharashtra,Pune,2021,Onion,48938.8,803356.38,3104.05
Maharashtra,Kolhapur,2020,Rice,19101.61,1121400.24,2447.76
Maharashtra,Aurangabad,2022,Rice,41307.98,316194.85,3526.07
Maharashtra,Dhule,2025,Wheat,8912.61,1468734.03,1189.68
Maharashtra,Ahmednagar,2019,Sugarcane,7026.86,1171434.85,4483.32
Maharashtra,Ahmednagar,2023,Chickpea,32499.73,242479.37,4832.63
Maharashtra,Pune,2022,Onion,45474.58,167048.83,2636.54
Maharashtra,Nashik,2022,Wheat,5815.37,1402463.86,1464.02
Maharashtra,Ahmednagar,2024,Potato,29503.77,1027699.19,3929.68
Maharashtra,Aurangabad,2025,Rice,4338.48,58331.68,5756.97
Maharashtra,Kolhapur,2024,Onion,40626.93,213409.84,4352.77
Maharashtra,Jalgaon,2019,Sugarcane,45474.37,72219.95,
Maharashtra,Jalgaon,2023,Onion,31476.84,1461135.52,2684.71
Maharashtra,Satara,2025,Tomato,34448.32,747027.42,5534.53
Maharashtra,Satara,2021,Wheat,2866.28,693491.58,3989.32
Maharashtra,Sangli,2023,Maize,3741.56,1433690.26,1309.34
Maharashtra,Pune,2024,Potato,9065.56,757201.68,4485.26
Maharashtra,Kolhapur,2021,Chickpea,13764.04,776873.39,2444.35
Maharashtra,Nashik,2020,Tomato,38016.82,1476153.7,3192.44
Maharashtra,Satara,2025,Chickpea,21827.92,167592.61,2782.76
Maharashtra,Solapur,2022,Soybean,4004.66,1478639.32,4491.33
Maharashtra,Ahmednagar,2020,Wheat,42646.99,248934.01,1698.48
Maharashtra,Nashik,2019,Wheat,49691.95,709630.74,2636.03
Maharashtra,Satara,2018,Chickpea,22805.81,506751.71,4595.0
Maharashtra,Kolhapur,2024,Maize,25637.02,1433154.16,4376.31
Maharashtra,Nashik,2021,Soybean,4017.62,728512.21,1609.59
Maharashtra,Nashik,2019,Potato,19212.57,35010.27,2428.65
Maharashtra,Kolhapur,2021,Onion,18653.04,332925.86,579.0
Maharashtra,Satara,2020,Tomato,48293.0,646502.66,3415.95
Maharashtra,Kolhapur,2018,Cotton,33055.53,1014747.42,2045.18
Maharashtra,Dhule,2024,Sugarcane,39130.94,843073.55,565.26
Maharashtra,Dhule,2023,Cotton,6503.77,1274938.99,2835.88
Maharashtra,Jalgaon,2022,Tomato,20904.65,1242736.17,5597.78
Maharashtra,Jalgaon,2023,Cotton,9658.48,885968.7,5578.71
Maharashtra,Kolhapur,2021,Chickpea,43023.43,857186.75,2546.57
Maharashtra,Jalgaon,2022,Onion,7703.38,417607.99,2970.48
Maharashtra,Satara,2024,Chickpea,21999.67,1436879.84,1834.75
Maharashtra,Jalgaon,2025,Onion,2777.15,115738.58,875.69
Maharashtra,Pune,2025,Soybean,31751.29,595846.87,4316.6
Maharashtra,Pune,2020,Wheat,24148.05,991423.42,4900.29
Maharashtra,Satara,2021,Sugarcane,24948.54,1418521.82,5340.58
Maharashtra,Ahmednagar,2023,Rice,5170.78,752543.89,5644.08
Maharashtra,Pune,2020,Onion,25747.66,1343931.03,5537.8
Maharashtra,Dhule,2025,Wheat,28232.8,157647.27,650.61
Maharashtra,Kolhapur,2022,Sugarcane,48145.72,797610.47,5879.52
Maharashtra,Dhule,2020,Soybean,1757.81,474417.81,2587.26
Maharashtra,Satara,2024,Potato,46143.41,1193647.29,5373.59
Maharashtra,Jalgaon,2025,Rice,24030.27,667769.72,2924.18
Maharashtra,Jalgaon,2024,Chickpea,10584.71,713141.1,2822.05
Maharashtra,Pune,2024,Tomato,33310.75,97640.75,561.55
Maharashtra,Aurangabad,2024,Onion,25900.91,657296.09,788.43
Maharashtra,Sangli,2024,Sugarcane,11415.08,121702.63,4192.03
Maharashtra,Jalgaon,2020,Sugarcane,31378.66,449693.4,5657.02
Maharashtra,Ahmednagar,2020,Potato,23715.79,190758.76,1734.2
Maharashtra,Sangli,2019,Sugarcane,34481.83,502054.15,1016.55
Maharashtra,Dhule,2025,Chickpea,34484.94,341468.82,1676.21
Maharashtra,Pune,2019,Soybean,23693.48,428127.34,1667.76
Maharashtra,Satara,2021,Potato,19600.73,223004.57,2112.25
Maharashtra,Solapur,2020,Potato,3255.89,659691.62,1021.09
Maharashtra,Satara,2025,Chickpea,24742.95,746615.92,1795.4
Maharashtra,Ahmednagar,2023,Onion,12231.44,1255053.22,5567.01
Maharashtra,Satara,2025,Maize,2757.05,808468.69,5396.21
Maharashtra,Kolhapur,2020,Wheat,16585.97,343521.91,2239.67
Maharashtra,Aurangabad,2024,Cotton,4464.7,1103975.6,5982.91
Maharashtra,Ahmednagar,2020,Soybean,29029.12,446221.5,2140.94
Maharashtra,Sangli,2019,Maize,25233.09,1134716.62,4470.06
Maharashtra,Dhule,2022,Sugarcane,39642.21,581052.51,4042.05
Maharashtra,Pune,2020,Sugarcane,13454.91,770755.76,855.05
Maharashtra,Kolhapur,2024,Rice,18639.3,755881.47,2382.63
Maharashtra,Nashik,2025,Rice,34478.62,1433475.94,5733.25
Maharashtra,Kolhapur,2018,Rice,49647.93,230921.14,779.77
Maharashtra,Nashik,2021,Potato,45218.07,1407864.12,1461.86
Maharashtra,Solapur,2019,Chickpea,26089.16,843201.89,5840.2
Maharashtra,Solapur,2022,Maize,33929.57,1490536.03,718.86
Maharashtra,Sangli,2024,Wheat,26642.92,859920.84,2956.34
Maharashtra,Pune,2018,Tomato,21796.8,984735.98,5550.93
Maharashtra,Satara,2020,Chickpea,30154.65,1124486.52,5690.23
Maharashtra,Satara,2023,Tomato,19386.31,1232772.87,5886.26
Maharashtra,Dhule,2025,Cotton,14081.4,716606.63,3147.27
Maharashtra,Aurangabad,2023,Soybean,35313.13,1018051.53,975.64
Maharashtra,Nashik,2019,Soybean,43611.47,922517.05,4749.87
Maharashtra,Solapur,2020,Tomato,14472.41,610926.95,4399.41
Maharashtra,Pune,2021,Chickpea,35373.89,1231286.03,3687.87
Maharashtra,Dhule,2019,Potato,21757.55,289076.61,5385.3
Maharashtra,Solapur,2018,Sugarcane,15174.04,251112.5,5513.64
Maharashtra,Dhule,2023,Potato,31093.44,1104789.1,4257.84
Maharashtra,Pune,2024,Potato,46976.78,956409.23,1116.55
Maharashtra,Solapur,2022,Wheat,17649.4,476831.87,1025.39
Maharashtra,Jalgaon,2022,Maize,37998.02,952877.29,2747.46
Maharashtra,Sangli,2021,Tomato,15803.43,1156085.46,2109.85
Maharashtra,Satara,2022,Cotton,40213.03,325840.78,1231.41
Maharashtra,Aurangabad,2022,Cotton,38023.24,872300.5,3861.55
Maharashtra,Jalgaon,2024,Soybean,38305.08,1237086.52,4259.41
Maharashtra,Jalgaon,2021,Chickpea,49885.63,617152.19,4338.83
Maharashtra,Kolhapur,2023,Soybean,7111.83,857819.19,1464.02
Maharashtra,Pune,2018,Cotton,19503.08,118264.29,2182.14
Maharashtra,Kolhapur,2019,Chickpea,31577.53,1245787.86,1594.79
Maharashtra,Jalgaon,2023,Soybean,29564.73,1194291.49,3807.34
Maharashtra,Pune,2019,Chickpea,39053.59,684653.55,3618.95
Maharashtra,Kolhapur,2021,Wheat,2440.79,179312.99,3268.22
Maharashtra,Kolhapur,2023,Onion,35282.05,990767.98,2128.31
Maharashtra,Ahmednagar,2020,Maize,36912.43,859683.69,1803.79
Maharashtra,Satara,2021,Wheat,3148.95,1379260.11,5397.24
Maharashtra,Dhule,2021,Soybean,26980.25,420072.89,768.7
Maharashtra,Aurangabad,2021,Sugarcane,12325.14,48973.53,4110.19
Maharashtra,Dhule,2021,Wheat,40101.2,382482.05,607.67
Maharashtra,Ahmednagar,2022,Maize,2575.72,642146.52,1566.11
Maharashtra,Satara,2022,Tomato,7393.59,233588.94,2092.16
Maharashtra,Pune,2023,Tomato,5312.24,1469612.55,5375.67
Maharashtra,Pune,2018,Onion,3354.36,333975.34,1257.54
Maharashtra,Dhule,2021,Cotton,30043.68,1016952.35,5657.94
Maharashtra,Aurangabad,2019,Wheat,43440.49,681441.97,4985.01
Maharashtra,Sangli,2020,Cotton,25597.56,832944.21,4234.76
Maharashtra,Sangli,2022,Soybean,10608.02,1399053.65,2764.6
Maharashtra,Solapur,2025,Maize,17255.43,797564.99,5478.91
Maharashtra,Aurangabad,2019,Soybean,18082.27,458187.12,3403.75
Maharashtra,Solapur,2022,Chickpea,22636.61,331611.05,2541.64
Maharashtra,Dhule,2025,Maize,21084.86,1338043.31,3720.93
Maharashtra,Ahmednagar,2023,Wheat,33590.45,1480094.24,1777.47
Maharashtra,Ahmednagar,2018,Rice,17061.62,378122.32,2000.83
Maharashtra,Dhule,2020,Maize,33181.97,1083039.64,5556.23
Maharashtra,Ahmednagar,2022,Onion,27384.0,758875.85,4866.6
Maharashtra,Pune,2025,Rice,2520.59,1048025.21,3324.25
Maharashtra,Sangli,2025,Tomato,45991.64,1446339.75,2791.12
Maharashtra,Ahmednagar,2020,Potato,8980.07,414492.05,4941.63
Maharashtra,Satara,2020,Chickpea,22631.29,1110049.0,3638.5
Maharashtra,Kolhapur,2023,Chickpea,47385.1,657201.24,2782.69
Maharashtra,Ahmednagar,2019,Onion,12441.93,978974.9,3334.97
Maharashtra,Jalgaon,2025,Potato,1206.01,610274.55,1779.9
Maharashtra,Aurangabad,2022,Tomato,24553.49,1062649.8,1610.83
Maharashtra,Nashik,2020,Chickpea,11274.17,506583.62,5940.0
Maharashtra,Kolhapur,2023,Rice,29143.17,732788.47,5832.76
Maharashtra,Solapur,2025,Maize,40873.69,1063336.07,2814.55
Maharashtra,Kolhapur,2021,Chickpea,25609.87,64538.84,3333.94
Maharashtra,Jalgaon,2025,Maize,32286.96,492470.25,5049.57
Maharashtra,Jalgaon,2024,Tomato,33341.0,819503.96,4492.1
Maharashtra,Nashik,2020,Maize,41044.67,111665.7,1047.52
Maharashtra,Aurangabad,2020,Maize,34427.55,1054883.58,2560.36
Maharashtra,Solapur,2022,Wheat,48810.99,1220023.79,1875.83
Maharashtra,Kolhapur,2024,Rice,22864.94,245409.3,5959.47
Maharashtra,Aurangabad,2021,Soybean,2607.89,1100327.77,4617.86
Maharashtra,Satara,2020,Wheat,19761.94,969477.1,762.71
Maharashtra,Jalgaon,2022,Potato,42009.91,616612.28,5450.21
Maharashtra,Kolhapur,2022,Maize,6740.08,247899.7,5603.77
Maharashtra,Ahmednagar,2025,Soybean,36823.4,1432340.1,2332.98
Maharashtra,Kolhapur,2023,Soybean,26829.51,696284.46,4030.88
Maharashtra,Aurangabad,2024,Chickpea,45043.24,275873.36,4251.21
Maharashtra,Sangli,2020,Tomato,36586.36,1077387.29,4512.51
Maharashtra,Pune,2018,Potato,33060.15,912042.98,4314.29
Maharashtra,Aurangabad,2018,Wheat,44355.21,1224388.89,3578.45
Maharashtra,Ahmednagar,2019,Potato,45420.17,1494147.02,5746.14
Maharashtra,Satara,2018,Cotton,19307.34,67778.32,3318.06
Maharashtra,Satara,2018,Rice,46399.58,1109103.98,1110.02
Maharashtra,Kolhapur,2022,Tomato,2829.43,1483701.77,942.34
Maharashtra,Satara,2022,Tomato,38152.07,807578.34,601.07
Maharashtra,Jalgaon,2023,Wheat,16892.89,1073695.23,2853.58
Maharashtra,Sangli,2024,Onion,24421.11,661945.22,
Maharashtra,Sangli,2020,Potato,41803.92,535482.18,5423.7
Maharashtra,Dhule,2024,Chickpea,31888.23,1044838.91,5269.31
Maharashtra,Dhule,2024,Rice,22928.8,1482140.06,5108.13
Maharashtra,Nashik,2020,Rice,8280.27,137953.79,5270.03
Maharashtra,Ahmednagar,2025,Rice,46969.31,633471.16,2136.83
Maharashtra,Satara,2025,Soybean,16690.63,1410957.89,2843.65
Maharashtra,Satara,2022,Tomato,5147.96,169641.04,2214.56
Maharashtra,Nashik,2025,Maize,28250.92,976574.5,973.45
Maharashtra,Pune,2020,Maize,20373.36,645532.13,5582.25
Maharashtra,Aurangabad,2022,Rice,29566.51,565650.18,3887.59
Maharashtra,Kolhapur,2024,Rice,11753.15,314554.94,1229.04
Maharashtra,Nashik,2024,Soybean,18998.57,264913.24,1633.32
Maharashtra,Aurangabad,2018,Maize,48628.17,774671.91,2979.14
Maharashtra,Sangli,2020,Maize,46833.16,566467.1,785.42
Maharashtra,Nashik,2025,Tomato,43232.65,737570.8,1995.95
Maharashtra,Satara,2018,Onion,38978.13,294308.22,4368.96
Maharashtra,Kolhapur,2019,Wheat,7912.33,525627.53,5562.24
Maharashtra,Dhule,2023,Tomato,23399.84,1494628.3,5608.02
Maharashtra,Ahmednagar,2023,Wheat,36422.35,552422.21,3360.16
Maharashtra,Ahmednagar,2024,Chickpea,13162.2,619357.39,2216.85
Maharashtra,Nashik,2024,Soybean,1750.4,30304.16,5564.1
Maharashtra,Ahmednagar,2020,Chickpea,20963.14,571548.28,4826.49
Maharashtra,Sangli,2024,Maize,21314.56,1145205.32,3729.12
Maharashtra,Satara,2022,Tomato,3348.5,773637.4,5090.04
Maharashtra,Ahmednagar,2023,Rice,16098.72,985739.6,3023.57
Maharashtra,Solapur,2025,Tomato,45873.27,835049.93,1117.07
Maharashtra,Sangli,2022,Potato,12589.81,158683.85,5660.31
Maharashtra,Sangli,2023,Soybean,28501.07,498550.51,3437.04
Maharashtra,Jalgaon,2019,Soybean,24445.31,1041502.51,4324.1
Maharashtra,Dhule,2022,Wheat,43120.08,822134.39,
Maharashtra,Nashik,2018,Sugarcane,32712.16,1012604.12,1246.58
Maharashtra,Pune,2022,Potato,8005.63,540590.64,1995.35
Maharashtra,Sangli,2025,Potato,7229.15,290936.78,740.2
Maharashtra,Ahmednagar,2019,Potato,27918.61,1244806.15,981.69
Maharashtra,Kolhapur,2021,Potato,2418.67,564763.59,1627.06
Maharashtra,Satara,2025,Onion,19737.19,982688.99,3585.56
Maharashtra,Pune,2025,Potato,20010.65,572178.92,5960.87
Maharashtra,Dhule,2021,Onion,9897.02,1390916.71,
Maharashtra,Sangli,2025,Onion,15120.51,1487913.0,972.27
Maharashtra,Satara,2018,Cotton,16564.42,-100.0,5132.89
Maharashtra,Dhule,2021,Tomato,686.75,903425.74,3449.71
Maharashtra,Satara,2024,Chickpea,40313.98,1261320.06,4131.78
Maharashtra,Aurangabad,2022,Sugarcane,47876.57,774589.58,1213.71
Maharashtra,Ahmednagar,2019,Chickpea,14534.4,1304324.1,2674.92
Maharashtra,Kolhapur,2023,Chickpea,5688.08,619700.96,5362.67
Maharashtra,Solapur,2018,Wheat,47682.25,48329.68,2839.51
Maharashtra,Satara,2021,Tomato,37053.5,1389922.21,1199.12
Maharashtra,Satara,2022,Wheat,44568.01,1082431.94,2210.91
Maharashtra,Sangli,2023,Rice,18107.72,766395.3,1718.36
Maharashtra,Nashik,2023,Tomato,24254.71,1417368.16,4277.93
Maharashtra,Dhule,2022,Maize,46518.96,1330208.68,5510.65
Maharashtra,Aurangabad,2020,Potato,23031.67,163084.75,4534.19
Maharashtra,Pune,2020,Wheat,33637.56,936783.97,5139.91
Maharashtra,Solapur,2024,Onion,35269.46,807387.15,4932.0
Maharashtra,Ahmednagar,2019,Wheat,41871.98,1164822.42,580.32
Maharashtra,Satara,2024,Soybean,48761.43,451501.51,1184.04
Maharashtra,Nashik,2024,Cotton,16811.48,12669.42,2828.58
Maharashtra,Jalgaon,2018,Chickpea,12447.8,278506.7,1116.49
Maharashtra,Sangli,2021,Tomato,3977.53,316805.41,4542.14
Maharashtra,Sangli,2021,Cotton,42841.22,437478.85,886.03
Maharashtra,Solapur,2022,Onion,14704.73,555904.08,2789.33
Maharashtra,Solapur,2021,Cotton,2575.68,1059978.91,2657.59
Maharashtra,Nashik,2024,Onion,43277.0,111830.19,3488.95
Maharashtra,Jalgaon,2019,Sugarcane,25544.48,730077.64,3961.58
Maharashtra,Jalgaon,2020,Wheat,41931.83,748216.2,5708.26
Maharashtra,Solapur,2022,Rice,27768.65,923996.74,1991.52
Maharashtra,Aurangabad,2025,Chickpea,15755.11,466165.91,4162.91
Maharashtra,Aurangabad,2018,Onion,6576.1,390053.45,692.97
Maharashtra,Solapur,2022,Cotton,21914.36,726085.42,505.54
Maharashtra,Kolhapur,2024,Wheat,1424.8,989582.18,639.47
Maharashtra,Solapur,2021,Onion,30162.73,67365.81,2969.01
Maharashtra,Nashik,2019,Wheat,21440.47,440725.97,3552.57
Maharashtra,Jalgaon,2024,Potato,7162.03,1181071.82,534.16
Maharashtra,Pune,2018,Soybean,26558.7,726542.22,2680.26
Maharashtra,Sangli,2022,Wheat,40065.44,1427762.79,724.71
Maharashtra,Solapur,2021,Tomato,48742.53,1301378.82,4093.06
Maharashtra,Dhule,2022,Maize,26415.19,516245.5,3971.78
Maharashtra,Satara,2018,Chickpea,6564.59,1089543.36,4813.01
Maharashtra,Kolhapur,2024,Tomato,40554.24,411825.57,3504.43
Maharashtra,Pune,2021,Potato,34819.85,263357.09,3926.22
Maharashtra,Solapur,2020,Chickpea,47703.17,1321590.04,2036.81
Maharashtra,Solapur,2023,Onion,26807.13,525698.8,970.0
Maharashtra,Pune,2018,Maize,17919.49,305525.35,4555.18
Maharashtra,Aurangabad,2020,Maize,48145.72,1447482.26,3865.25
Maharashtra,Solapur,2020,Maize,26968.38,47027.7,5660.83
Maharashtra,Jalgaon,2021,Chickpea,893.69,550665.57,5940.74
Maharashtra,Dhule,2022,Cotton,23736.08,58107.63,5160.06
Maharashtra,Nashik,2024,Sugarcane,218.66,756398.4,5920.92
Maharashtra,Dhule,2022,Rice,36911.62,602062.54,4060.95
Maharashtra,Jalgaon,2019,Maize,28340.66,1081142.97,1005.72
Maharashtra,Dhule,2018,Tomato,5579.08,1431074.72,994.08
Maharashtra,Aurangabad,2018,Soybean,40669.26,779773.41,4939.16
Maharashtra,Nashik,2024,Cotton,26868.22,428456.67,1802.73
Maharashtra,Dhule,2025,Rice,5791.61,1308327.37,835.44
Maharashtra,Sangli,2021,Maize,8084.54,907007.4,3097.51
Maharashtra,Jalgaon,2021,Rice,41122.98,830450.08,2230.55
Maharashtra,Jalgaon,2019,Rice,17838.8,283267.71,3734.82
Maharashtra,Satara,2019,Tomato,41072.69,61366.97,
Maharashtra,Ahmednagar,2020,Rice,3568.22,692376.71,4248.26
Maharashtra,Kolhapur,2025,Potato,12268.57,792306.37,3670.43
Maharashtra,Ahmednagar,2023,Onion,38252.67,191077.04,2595.05
Maharashtra,Kolhapur,2025,Onion,32120.94,89565.25,630.17
Maharashtra,Dhule,2025,Rice,15410.54,324512.48,5477.99
Maharashtra,Sangli,2019,Potato,46807.72,95115.92,2298.07
Maharashtra,Sangli,2025,Onion,10632.21,84679.33,3289.33
Maharashtra,Solapur,2022,Tomato,42504.0,666527.26,3563.16
Maharashtra,Ahmednagar,2020,Onion,34817.62,1215461.16,2231.69
Maharashtra,Dhule,2023,Soybean,6143.74,996150.35,2196.65
Maharashtra,Satara,2019,Maize,27800.27,1019280.78,1934.74
Maharashtra,Satara,2025,Wheat,46502.39,394023.63,1838.44
Maharashtra,Pune,2023,Wheat,30982.91,17150.73,667.18
Maharashtra,Solapur,2022,Potato,26487.49,676244.56,5768.53
Maharashtra,Sangli,2025,Rice,18379.53,565997.67,3774.13
Maharashtra,Aurangabad,2022,Wheat,39460.53,1420878.88,1094.37
Maharashtra,Sangli,2020,Wheat,45661.65,108493.26,3755.77
Maharashtra,Ahmednagar,2020,Potato,37690.51,1164740.77,1777.36
Maharashtra,Aurangabad,2022,Cotton,36289.94,578431.56,2208.75
Maharashtra,Sangli,2021,Potato,9705.27,1244514.93,4906.43
Maharashtra,Sangli,2024,Onion,41715.92,742614.39,
Maharashtra,Pune,2025,Wheat,2130.72,1230842.46,4349.03
Maharashtra,Sangli,2025,Onion,37892.34,700539.13,5629.2
Maharashtra,Ahmednagar,2020,Wheat,10622.41,603088.33,5477.65
Maharashtra,Ahmednagar,2024,Onion,24414.34,1445580.89,3531.44
Maharashtra,Sangli,2018,Cotton,34792.17,553602.71,5493.16
Maharashtra,Jalgaon,2021,Chickpea,37978.01,1208047.39,3497.49
Maharashtra,Pune,2018,Onion,44415.39,101015.39,1073.51
Maharashtra,Jalgaon,2023,Onion,14201.35,94441.6,5062.0
Maharashtra,Ahmednagar,2023,Tomato,11293.58,657443.24,1221.61
Maharashtra,Kolhapur,2023,Tomato,49812.69,878562.48,2237.78
Maharashtra,Nashik,2019,Sugarcane,10457.15,912995.21,2588.86
Maharashtra,Nashik,2020,Potato,33307.49,55060.94,4940.07
Maharashtra,Dhule,2020,Cotton,47641.96,1045261.56,959.45
Maharashtra,Jalgaon,2022,Potato,44838.14,195324.04,2947.18
Maharashtra,Ahmednagar,2024,Soybean,22218.85,1433039.8,2901.94
Maharashtra,Satara,2020,Tomato,31915.33,500656.36,3701.88
Maharashtra,Ahmednagar,2024,Wheat,26501.9,392536.82,2446.28
Maharashtra,Satara,2023,Maize,17398.11,437253.39,
Maharashtra,Kolhapur,2018,Maize,7306.66,1406061.48,5922.42
Maharashtra,Sangli,2025,Potato,40189.37,724520.4,893.52
Maharashtra,Ahmednagar,2021,Wheat,4613.04,652302.29,5310.46
Maharashtra,Dhule,2025,Wheat,30520.41,849064.38,2197.46
Maharashtra,Sangli,2019,Tomato,29759.02,1396177.47,3061.44
Maharashtra,Nashik,2024,Maize,16807.73,462855.62,4576.15
Maharashtra,Jalgaon,2024,Cotton,6856.89,271639.61,5505.2
Maharashtra,Ahmednagar,2021,Tomato,40001.89,893438.65,549.92
Maharashtra,Pune,2025,Soybean,23150.03,737766.32,4142.06
Maharashtra,Ahmednagar,2018,Onion,36291.12,93421.41,882.54
Maharashtra,Kolhapur,2019,Rice,922.64,783145.02,3391.23
Maharashtra,Aurangabad,2024,Tomato,3817.71,843845.61,4623.68
Maharashtra,Dhule,2025,Cotton,8874.8,1041378.84,1432.44
Maharashtra,Pune,2025,Maize,5780.52,1493315.35,4700.82
Maharashtra,Kolhapur,2022,Wheat,9666.17,632660.63,2202.46
Maharashtra,Sangli,2020,Tomato,34355.75,765549.81,3858.03
Maharashtra,Jalgaon,2020,Tomato,2445.15,112965.97,4119.23
Maharashtra,Kolhapur,2022,Potato,1989.49,1247466.31,4069.39
Maharashtra,Nashik,2018,Sugarcane,1679.44,147684.62,602.0
Maharashtra,Nashik,2024,Sugarcane,34912.69,1400778.12,1337.51
Maharashtra,Satara,2022,Sugarcane,26853.16,523076.26,5209.11
Maharashtra,Jalgaon,2025,Soybean,18575.1,506704.91,5669.13
Maharashtra,Nashik,2024,Wheat,33812.83,493249.17,3600.17
Maharashtra,Ahmednagar,2023,Cotton,27724.85,1425759.15,3783.34
Maharashtra,Sangli,2024,Potato,466.01,1470171.66,4652.67
Maharashtra,Solapur,2018,Wheat,41943.63,1459874.0,2733.58
Maharashtra,Nashik,2019,Soybean,17574.2,1057328.33,2304.09
Maharashtra,Aurangabad,2021,Cotton,20038.11,167031.71,4725.11
Maharashtra,Solapur,2021,Chickpea,39136.27,579850.16,655.57
Maharashtra,Solapur,2025,Wheat,9435.83,434319.17,5369.4
Maharashtra,Aurangabad,2022,Chickpea,602.59,1062730.11,2924.96
Maharashtra,Solapur,2020,Chickpea,45451.03,739235.4,3273.26
Maharashtra,Ahmednagar,2022,Wheat,25323.36,924943.77,3988.53
Maharashtra,Kolhapur,2020,Tomato,17541.4,13592.25,2009.12
Maharashtra,Nashik,2022,Tomato,40970.37,1174404.66,3785.63
Maharashtra,Pune,2025,Sugarcane,1412.12,1428101.73,4311.71
Maharashtra,Nashik,2022,Wheat,10194.31,1004225.25,1148.62
Maharashtra,Solapur,2024,Maize,7848.87,1277980.13,3362.59
Maharashtra,Sangli,2021,Maize,36917.75,717636.46,2311.81
Maharashtra,Aurangabad,2025,Tomato,15673.13,30802.01,3565.47
Maharashtra,Sangli,2023,Wheat,38668.05,1485708.6,617.12
Maharashtra,Pune,2020,Chickpea,2169.67,88718.81,4584.74
Maharashtra,Ahmednagar,2023,Chickpea,30444.97,289564.92,1426.22
Maharashtra,Solapur,2023,Maize,15979.21,79134.01,4291.63
Maharashtra,Aurangabad,2023,Sugarcane,9427.3,937625.12,4728.48
Maharashtra,Satara,2021,Wheat,40856.57,875054.74,4639.37
Maharashtra,Satara,2023,Potato,20671.28,314899.65,4996.26
Maharashtra,Pune,2024,Chickpea,28624.32,1435001.54,2192.6
Maharashtra,Pune,2020,Soybean,1750.88,1370272.7,5819.12
Maharashtra,Jalgaon,2019,Cotton,39602.06,420075.18,631.0
Maharashtra,Pune,2023,Soybean,14415.44,988467.71,3146.6
Maharashtra,Pune,2023,Soybean,34700.97,-100.0,1986.57
Maharashtra,Ahmednagar,2019,Potato,38047.68,540017.26,4569.34
Maharashtra,Jalgaon,2023,Onion,5944.1,380746.94,4928.73
Maharashtra,Satara,2019,Cotton,14865.44,384656.82,5023.16
Maharashtra,Satara,2018,Cotton,36199.66,1230774.5,2132.97
Maharashtra,Aurangabad,2025,Chickpea,11685.66,694873.79,2007.77
Maharashtra,Sangli,2021,Soybean,42423.88,1073149.38,4223.15
Maharashtra,Kolhapur,2021,Sugarcane,15667.48,975626.03,5605.01
Maharashtra,Solapur,2019,Potato,20176.28,459685.44,1898.13
Maharashtra,Aurangabad,2022,Rice,5077.19,312511.02,5508.3
Maharashtra,Aurangabad,2021,Tomato,7468.99,189115.37,3753.04
Maharashtra,Ahmednagar,2020,Chickpea,13843.54,36316.48,4558.66
Maharashtra,Kolhapur,2021,Chickpea,2540.55,122344.0,2919.41
Maharashtra,Aurangabad,2021,Potato,9732.31,384741.89,4937.71
Maharashtra,Nashik,2025,Soybean,20506.26,1070542.61,5837.71
Maharashtra,Satara,2025,Soybean,19060.12,232800.94,1438.17
Maharashtra,Pune,2020,Onion,10014.85,785331.37,2620.58
Maharashtra,Pune,2019,Rice,4114.49,368075.54,5243.51
Maharashtra,Dhule,2024,Tomato,15975.58,767958.77,1471.7
Maharashtra,Ahmednagar,2024,Sugarcane,37292.8,1125141.76,2771.3
Maharashtra,Jalgaon,2019,Chickpea,25553.97,399338.7,1413.63
Maharashtra,Solapur,2020,Cotton,47345.52,522174.27,4066.03
Maharashtra,Satara,2024,Soybean,7080.33,1084639.35,1810.76
Maharashtra,Nashik,2025,Potato,10445.17,819733.97,2594.41
Maharashtra,Aurangabad,2021,Soybean,14086.95,142302.66,3201.24
Maharashtra,Aurangabad,2023,Potato,748.79,1137352.33,2134.21
Maharashtra,Ahmednagar,2021,Cotton,47174.69,416519.77,4239.46
Maharashtra,Solapur,2019,Rice,22323.66,577894.07,1111.87
Maharashtra,Sangli,2023,Sugarcane,24134.31,368142.8,5338.9
Maharashtra,Nashik,2018,Cotton,7977.09,815263.85,3147.37
Maharashtra,Solapur,2019,Cotton,43647.61,1061798.57,3650.48
Maharashtra,Sangli,2020,Potato,34662.35,1204922.93,3921.71
Maharashtra,Solapur,2023,Onion,21624.91,1383222.35,828.25
Maharashtra,Aurangabad,2018,Chickpea,43910.78,539145.37,4663.45
Maharashtra,Aurangabad,2024,Sugarcane,45282.34,1398955.04,5702.68
Maharashtra,Kolhapur,2018,Tomato,2569.08,925623.64,3359.49
Maharashtra,Dhule,2025,Soybean,6054.3,584697.02,2649.78
Maharashtra,Dhule,2020,Sugarcane,1478.65,1330997.43,4816.38
Maharashtra,Ahmednagar,2023,Tomato,29128.34,869654.44,4461.94
Maharashtra,Sangli,2022,Cotton,10975.4,681698.15,4080.37
Maharashtra,Aurangabad,2019,Potato,42261.91,17746.57,5809.43
Maharashtra,Dhule,2021,Maize,23349.1,1076403.08,3699.76
Maharashtra,Kolhapur,2024,Potato,41901.72,116483.32,1866.07
Maharashtra,Jalgaon,2023,Potato,27824.7,434444.55,636.21
Maharashtra,Aurangabad,2025,Sugarcane,39828.77,1442560.67,2994.04
Maharashtra,Kolhapur,2019,Sugarcane,18655.56,233242.05,4087.78
Maharashtra,Pune,2020,Sugarcane,47275.15,468020.64,1446.77
Maharashtra,Solapur,2025,Cotton,33391.22,1398542.87,641.7
Maharashtra,Dhule,2021,Potato,29814.98,506856.89,5499.99
Maharashtra,Jalgaon,2022,Sugarcane,17682.6,493348.13,2160.71
Maharashtra,Kolhapur,2024,Maize,46865.48,972107.9,3063.27
Maharashtra,Sangli,2025,Rice,16952.95,197470.18,1000.89
Maharashtra,Nashik,2020,Tomato,41809.39,1459141.19,2598.87
Maharashtra,Jalgaon,2019,Maize,20274.98,412896.46,2830.75
Maharashtra,Satara,2024,Onion,38382.48,1178640.4,5465.09
Maharashtra,Pune,2018,Potato,45602.71,431777.72,5260.02
Maharashtra,Aurangabad,2020,Potato,23333.8,413420.93,1539.51
Maharashtra,Aurangabad,2020,Maize,26354.15,86740.31,3558.34
Maharashtra,Pune,2019,Potato,16584.11,179421.33,4521.86
Maharashtra,Aurangabad,2022,Potato,2829.31,783189.98,2105.18
Maharashtra,Nashik,2019,Soybean,32658.81,865476.35,2669.38
Maharashtra,Solapur,2025,Tomato,6070.16,1223857.36,5916.85
Maharashtra,Aurangabad,2019,Sugarcane,17767.54,90792.68,4678.53
Maharashtra,Pune,2022,Maize,17539.75,534547.2,2904.49
Maharashtra,Aurangabad,2022,Cotton,7635.09,300638.2,3437.45
Maharashtra,Jalgaon,2020,Rice,33368.84,537137.33,
Maharashtra,Pune,2018,Cotton,8812.51,531782.85,3243.62
Maharashtra,Jalgaon,2019,Tomato,38938.98,531742.52,2763.91
Maharashtra,Nashik,2018,Onion,12539.03,464795.33,2476.42
Maharashtra,Kolhapur,2025,Maize,14435.65,1146085.16,1429.4
Maharashtra,Satara,2022,Cotton,17252.04,1034714.58,5854.92
Maharashtra,Satara,2022,Onion,7722.35,512533.11,1002.77
Maharashtra,Pune,2019,Soybean,21769.8,220158.91,3805.62
Maharashtra,Nashik,2020,Rice,4108.22,777661.41,5777.81
Maharashtra,Aurangabad,2024,Potato,21413.09,1378312.01,2562.12
Maharashtra,Dhule,2019,Cotton,17061.62,185777.23,1888.32
Maharashtra,Dhule,2020,Maize,16979.45,1129668.26,5755.38
Maharashtra,Pune,2021,Rice,33067.65,899268.9,4909.57
Maharashtra,Solapur,2025,Potato,38474.24,883090.89,4102.64
Maharashtra,Solapur,2020,Sugarcane,17864.33,1402018.43,3865.94
Maharashtra,Pune,2019,Soybean,13174.53,1433932.91,2480.69
Maharashtra,Jalgaon,2019,Onion,24768.04,366137.69,4027.26
Maharashtra,Solapur,2020,Soybean,39407.18,1212811.31,4487.64
Maharashtra,Solapur,2018,Potato,32264.19,931388.44,674.52
Maharashtra,Solapur,2020,Maize,1996.27,613563.96,1147.3
Maharashtra,Sangli,2021,Onion,24048.48,998599.15,2233.11
Maharashtra,Aurangabad,2021,Chickpea,49549.16,1433972.18,2277.21
Maharashtra,Dhule,2018,Maize,17721.06,775554.57,5452.84
Maharashtra,Solapur,2021,Cotton,22091.77,1410149.71,4264.78
Maharashtra,Ahmednagar,2019,Soybean,14441.6,964509.41,2554.27
Maharashtra,Nashik,2018,Potato,24934.97,724622.41,4950.61
Maharashtra,Pune,2018,Cotton,8129.97,966433.58,2277.57
Maharashtra,Solapur,2018,Rice,12425.98,904010.3,5949.16
Maharashtra,Jalgaon,2023,Tomato,35615.64,632835.16,4798.91
Maharashtra,Nashik,2025,Wheat,7000.51,843909.29,4946.15
Maharashtra,Satara,2020,Chickpea,46314.57,1055021.39,1935.35
Maharashtra,Satara,2025,Cotton,15467.22,1258380.01,1297.69
Maharashtra,Aurangabad,2020,Tomato,28793.75,456843.94,2642.46
Maharashtra,Ahmednagar,2018,Onion,16159.35,22464.57,2338.3
Maharashtra,Aurangabad,2024,Maize,23953.74,827051.24,4734.08
Maharashtra,Jalgaon,2021,Onion,45199.69,734181.61,1458.58
Maharashtra,Aurangabad,2023,Potato,3522.01,81771.11,3401.06
Maharashtra,Ahmednagar,2025,Maize,42831.5,948943.36,3955.06
Maharashtra,Nashik,2023,Rice,27922.93,1412129.84,2618.41
Maharashtra,Pune,2019,Onion,33287.06,603646.56,1603.34
Maharashtra,Solapur,2019,Chickpea,2888.76,1341593.1,5426.17
Maharashtra,Solapur,2020,Maize,38093.82,1219745.49,1263.62
Maharashtra,Pune,2022,Onion,6476.14,242993.57,2170.92
Maharashtra,Aurangabad,2018,Chickpea,48244.58,1181026.11,4661.12
Maharashtra,Satara,2022,Tomato,39984.44,775300.77,3829.21
Maharashtra,Satara,2019,Rice,24694.11,1377983.47,4518.55
Maharashtra,Ahmednagar,2024,Rice,46215.93,284544.64,4948.22
Maharashtra,Nashik,2020,Maize,8536.76,188007.15,5424.66
Maharashtra,Aurangabad,2020,Chickpea,49584.03,362299.96,2175.11
Maharashtra,Jalgaon,2025,Soybean,35869.27,89910.25,3108.68
Maharashtra,Solapur,2020,Rice,5009.06,480460.11,4285.71
Maharashtra,Jalgaon,2020,Potato,26875.92,424871.84,4871.1
Maharashtra,Sangli,2020,Soybean,35572.73,624614.54,3677.99
Maharashtra,Kolhapur,2018,Onion,30689.81,694734.32,3325.61
Maharashtra,Ahmednagar,2023,Tomato,21255.08,217508.46,4304.7
Maharashtra,Ahmednagar,2025,Rice,12482.33,929251.21,2601.16
Maharashtra,Dhule,2022,Tomato,11987.65,335739.31,5415.37
Maharashtra,Nashik,2024,Rice,46354.82,183332.04,1667.2
Maharashtra,Dhule,2023,Wheat,11813.56,1063362.23,5362.02
Maharashtra,Dhule,2019,Potato,48124.01,34591.53,4039.89
Maharashtra,Ahmednagar,2019,Sugarcane,10590.27,552864.73,3803.62
Maharashtra,Nashik,2023,Sugarcane,19275.76,217032.72,3084.75
Maharashtra,Jalgaon,2020,Cotton,714.94,1324247.66,1351.1
Maharashtra,Solapur,2025,Rice,45166.88,1236775.37,5257.14
Maharashtra,Kolhapur,2020,Potato,5307.15,91259.79,788.94
Maharashtra,Jalgaon,2023,Onion,17930.73,825901.38,1984.81
Maharashtra,Ahmednagar,2020,Sugarcane,42141.66,443385.63,1103.39
Maharashtra,Sangli,2023,Cotton,39615.71,289222.03,1087.59
Maharashtra,Aurangabad,2024,Soybean,42090.9,467652.18,2647.33
Maharashtra,Ahmednagar,2021,Tomato,45713.97,1223923.1,1382.34
Maharashtra,Sangli,2019,Soybean,45562.43,-100.0,3697.62
Maharashtra,Pune,2020,Potato,38547.91,972525.96,3949.37
Maharashtra,Solapur,2022,Chickpea,29162.94,1370098.53,5351.52
Maharashtra,Pune,2021,Rice,28121.31,672360.49,2148.17
Maharashtra,Ahmednagar,2018,Sugarcane,744.68,1352320.14,2200.48
Maharashtra,Sangli,2024,Sugarcane,36156.26,1360247.24,1855.03
Maharashtra,Jalgaon,2025,Soybean,11411.17,914588.86,4799.96
Maharashtra,Ahmednagar,2021,Sugarcane,41452.0,684032.88,2854.33
Maharashtra,Aurangabad,2021,Soybean,27734.82,1106626.64,3538.32
Maharashtra,Satara,2024,Rice,49363.67,1374375.85,2560.4
Maharashtra,Solapur,2021,Soybean,10592.65,-100.0,1362.47
Maharashtra,Solapur,2025,Wheat,36200.92,314805.97,1063.91
Maharashtra,Aurangabad,2022,Onion,27421.94,1230173.59,5275.5
Maharashtra,Aurangabad,2024,Maize,46597.16,1427324.27,1960.15
Maharashtra,Sangli,2019,Cotton,13373.09,615707.18,5678.91
Maharashtra,Kolhapur,2024,Chickpea,3065.94,1046535.72,5710.11
Maharashtra,Solapur,2020,Onion,27238.9,777490.44,3134.07
Maharashtra,Dhule,2025,Maize,26128.49,168457.78,5772.24
Maharashtra,Jalgaon,2022,Rice,15654.19,525088.1,656.68
Maharashtra,Jalgaon,2022,Chickpea,49328.24,246162.5,1004.08
Maharashtra,Jalgaon,2024,Onion,3578.6,1010523.25,1838.2
Maharashtra,Pune,2023,Sugarcane,28519.05,873351.0,1650.56
Maharashtra,Ahmednagar,2020,Rice,13084.82,50784.84,1889.51
Maharashtra,Sangli,2023,Maize,195.41,92879.57,2987.62
Maharashtra,Nashik,2023,Cotton,49393.67,391558.33,846.07
Maharashtra,Solapur,2024,Sugarcane,24132.48,1117416.87,3554.64
Maharashtra,Sangli,2025,Rice,42873.81,190690.73,2202.0
Maharashtra,Jalgaon,2021,Onion,42019.36,307558.76,893.51
Maharashtra,Dhule,2023,Onion,40632.69,1361485.78,4642.65
Maharashtra,Nashik,2018,Cotton,23004.96,819433.19,4093.86
Maharashtra,Ahmednagar,2021,Wheat,44806.72,931464.04,4863.87
Maharashtra,Ahmednagar,2021,Sugarcane,18426.88,683921.33,5665.79
Maharashtra,Satara,2023,Sugarcane,20478.51,450006.6,3721.71
Maharashtra,Solapur,2023,Cotton,12859.69,374070.86,4826.94
Maharashtra,Solapur,2019,Chickpea,22459.45,884034.77,1595.5
Maharashtra,Nashik,2025,Soybean,49326.36,706727.46,2757.02
Maharashtra,Aurangabad,2021,Potato,28704.71,604848.17,3415.39
Maharashtra,Solapur,2018,Cotton,41571.78,1041730.55,
Maharashtra,Nashik,2022,Maize,13240.81,606529.16,4450.86
Maharashtra,Sangli,2024,Potato,47800.44,55577.21,4877.68
Maharashtra,Ahmednagar,2023,Potato,757.34,1259585.07,4167.69
Maharashtra,Aurangabad,2021,Chickpea,46519.24,477945.96,759.85
Maharashtra,Sangli,2022,Rice,44910.39,1419629.4,2431.69
Maharashtra,Ahmednagar,2023,Wheat,3461.08,1319397.36,3648.41
Maharashtra,Sangli,2019,Sugarcane,30281.85,351257.41,3293.28
Maharashtra,Solapur,2024,Rice,39283.68,1448223.79,746.38
Maharashtra,Jalgaon,2023,Chickpea,20250.01,1280414.36,5893.5
Maharashtra,Satara,2018,Soybean,4683.68,1477532.17,5758.58
Maharashtra,Aurangabad,2020,Rice,41487.06,1017083.71,4755.69
Maharashtra,Pune,2025,Soybean,23378.27,1396124.76,804.44
Maharashtra,Nashik,2020,Rice,13236.18,1035294.64,2866.14
Maharashtra,Nashik,2023,Sugarcane,3635.69,1282712.54,2753.73
Maharashtra,Nashik,2019,Chickpea,32044.58,915838.72,3569.14
Maharashtra,Jalgaon,2018,Rice,2210.86,1393796.97,807.61
Maharashtra,Sangli,2023,Sugarcane,39575.58,777371.31,2830.11
Maharashtra,Solapur,2025,Sugarcane,38560.53,1104984.8,4668.12
Maharashtra,Aurangabad,2022,Wheat,16214.84,1375482.2,5989.04
Maharashtra,Sangli,2019,Tomato,23667.14,633873.98,3774.94
Maharashtra,Jalgaon,2021,Chickpea,33494.06,40089.91,5673.37
Maharashtra,Ahmednagar,2022,Cotton,47960.28,170014.15,5991.96
Maharashtra,Ahmednagar,2023,Maize,26055.54,1457881.21,2891.3
Maharashtra,Pune,2021,Cotton,49834.32,1309867.21,4177.8
Maharashtra,Dhule,2021,Chickpea,16322.78,725384.45,1672.68
Maharashtra,Kolhapur,2024,Potato,26371.95,1441368.67,3116.06
Maharashtra,Pune,2022,Rice,5869.22,278815.52,931.26
Maharashtra,Solapur,2024,Rice,27866.33,166894.07,660.32
Maharashtra,Kolhapur,2021,Onion,26862.03,902359.4,5411.06
Maharashtra,Nashik,2024,Cotton,42455.81,573489.39,5221.2
Maharashtra,Nashik,2020,Sugarcane,49827.92,509984.57,2216.36
Maharashtra,Dhule,2024,Soybean,49310.29,1101360.77,3013.24
Maharashtra,Satara,2022,Potato,11891.43,225444.7,3214.86
Maharashtra,Pune,2019,Potato,16988.43,1167784.31,3363.86
Maharashtra,Aurangabad,2020,Maize,13805.38,539494.7,1240.14
Maharashtra,Aurangabad,2019,Sugarcane,10064.01,1480112.97,4762.82
Maharashtra,Nashik,2018,Cotton,7591.79,1213214.76,2412.99
Maharashtra,Ahmednagar,2019,Potato,25636.03,969512.23,674.32
Maharashtra,Solapur,2022,Tomato,43637.69,344554.68,4221.09
Maharashtra,Sangli,2019,Maize,29534.39,1434661.48,5064.33
Maharashtra,Aurangabad,2018,Wheat,43645.92,49848.6,5549.7
Maharashtra,Ahmednagar,2021,Chickpea,47978.78,335413.0,4209.23
Maharashtra,Sangli,2022,Cotton,19218.76,55645.18,1552.03
Maharashtra,Kolhapur,2023,Maize,41799.82,1449791.01,3743.79
Maharashtra,Jalgaon,2020,Rice,2711.53,1307238.55,5514.69
Maharashtra,Sangli,2025,Onion,24105.55,1428185.44,2428.08
Maharashtra,Solapur,2020,Wheat,18478.0,1072694.96,5743.43
Maharashtra,Aurangabad,2019,Rice,10322.11,41622.39,1037.23
Maharashtra,Jalgaon,2020,Soybean,21975.8,1397287.31,4504.29
Maharashtra,Dhule,2024,Rice,22240.76,631718.68,1159.51
Maharashtra,Sangli,2018,Sugarcane,40446.13,552617.2,4893.81
Maharashtra,Jalgaon,2023,Sugarcane,43459.04,426556.48,1037.11
Maharashtra,Jalgaon,2024,Sugarcane,32881.83,430553.34,2291.49
Maharashtra,Nashik,2020,Onion,31706.07,1201042.51,4772.74
Maharashtra,Satara,2024,Onion,5598.1,384941.03,3031.06
Maharashtra,Sangli,2019,Potato,28805.56,333632.01,5354.78
Maharashtra,Satara,2025,Maize,13794.79,1047180.43,2709.56
Maharashtra,Aurangabad,2020,Cotton,14808.66,431550.87,5972.27
Maharashtra,Ahmednagar,2024,Sugarcane,4829.26,20189.84,602.71
Maharashtra,Ahmednagar,2025,Chickpea,31829.82,1397683.7,4328.34
Maharashtra,Aurangabad,2021,Onion,29232.04,470689.05,5537.38
Maharashtra,Sangli,2021,Tomato,11091.6,1146683.99,3447.93
Maharashtra,Kolhapur,2020,Tomato,13225.54,703746.5,5936.8
Maharashtra,Solapur,2022,Onion,38672.76,201552.69,4394.13
Maharashtra,Satara,2023,Sugarcane,39667.37,993061.39,2862.39
Maharashtra,Sangli,2020,Soybean,24704.92,347723.96,3334.58
Maharashtra,Pune,2025,Cotton,7535.23,432232.85,5326.08
Maharashtra,Nashik,2021,Chickpea,2874.06,49093.34,5766.71
Maharashtra,Satara,2025,Potato,13646.3,25096.82,3557.37
Maharashtra,Sangli,2021,Tomato,36586.17,770672.38,2189.33
Maharashtra,Jalgaon,2018,Tomato,30080.75,87163.47,1816.29
Maharashtra,Kolhapur,2019,Soybean,35933.53,314521.65,3123.77
Maharashtra,Nashik,2018,Soybean,23640.22,1385748.82,2129.86
Maharashtra,Aurangabad,2022,Onion,37759.82,124741.76,2814.6
Maharashtra,Satara,2019,Tomato,24092.21,436538.85,5089.57
Maharashtra,Kolhapur,2020,Wheat,4292.34,1089928.98,3095.93
Maharashtra,Ahmednagar,2020,Onion,4084.93,1326545.47,4024.83
Maharashtra,Jalgaon,2022,Maize,41591.99,69793.62,995.59
Maharashtra,Pune,2023,Maize,31518.25,278566.56,4691.7
Maharashtra,Nashik,2021,Soybean,14028.44,582131.22,3155.97
Maharashtra,Aurangabad,2023,Sugarcane,37883.05,541810.86,2485.18
Maharashtra,Aurangabad,2020,Cotton,6873.19,433144.34,3860.44
Maharashtra,Jalgaon,2018,Chickpea,32297.65,363840.23,1060.92
Maharashtra,Kolhapur,2021,Cotton,49475.35,403353.92,2776.99
Maharashtra,Aurangabad,2020,Potato,7585.98,200571.65,4960.35
Maharashtra,Nashik,2021,Sugarcane,7183.05,245408.27,1941.35
Maharashtra,Solapur,2023,Soybean,23444.94,910346.97,5527.53
Maharashtra,Aurangabad,2019,Potato,32168.8,438640.59,3820.04
Maharashtra,Ahmednagar,2020,Sugarcane,1424.66,599828.06,3474.31
Maharashtra,Kolhapur,2020,Onion,25033.58,618243.6,2697.64
Maharashtra,Sangli,2025,Onion,4250.2,165051.38,4581.0
Maharashtra,Jalgaon,2021,Potato,12142.06,1229330.94,3604.57
Maharashtra,Ahmednagar,2019,Maize,35648.64,1434561.32,4880.98
Maharashtra,Satara,2018,Wheat,36969.36,395681.02,2324.23
Maharashtra,Aurangabad,2025,Wheat,36513.65,441968.07,4361.08
Maharashtra,Pune,2019,Wheat,3350.8,1039884.14,5688.93
Maharashtra,Ahmednagar,2018,Sugarcane,39359.48,121342.28,2039.55
Maharashtra,Solapur,2024,Cotton,21667.13,1361030.74,5895.51
Maharashtra,Satara,2024,Sugarcane,23817.95,181323.67,2757.9
Maharashtra,Nashik,2025,Wheat,21042.55,1098227.68,711.93
Maharashtra,Satara,2022,Cotton,42865.42,437626.86,2467.36
Maharashtra,Solapur,2023,Cotton,34030.52,485235.45,1323.03
Maharashtra,Dhule,2025,Rice,25051.29,211696.55,2173.57
Maharashtra,Jalgaon,2019,Wheat,41730.92,969683.57,1027.83
Maharashtra,Dhule,2018,Chickpea,40287.64,1192594.04,1480.12
Maharashtra,Dhule,2021,Sugarcane,351.7,1425387.24,1196.84
Maharashtra,Pune,2018,Cotton,23996.11,497658.38,739.12
Maharashtra,Aurangabad,2022,Rice,2208.08,931960.77,2129.03
Maharashtra,Pune,2018,Soybean,15428.61,622781.93,5675.28
Maharashtra,Satara,2023,Tomato,40211.48,836986.59,5721.66
Maharashtra,Sangli,2024,Maize,47208.21,244816.13,5156.56
Maharashtra,Satara,2025,Cotton,12179.13,872838.46,566.77
Maharashtra,Jalgaon,2019,Soybean,1169.11,1273698.86,654.68
Maharashtra,Aurangabad,2018,Chickpea,20176.58,1295547.9,556.97
Maharashtra,Kolhapur,2019,Soybean,16822.43,725342.3,2516.52
Maharashtra,Sangli,2022,Sugarcane,33880.61,354001.82,5891.42
Maharashtra,Aurangabad,2018,Potato,24803.38,1255100.12,5432.61
Maharashtra,Kolhapur,2018,Sugarcane,20002.48,1499143.06,1877.94
Maharashtra,Dhule,2022,Chickpea,11554.82,566050.88,2756.07
Maharashtra,Nashik,2023,Soybean,41441.17,1386590.87,5034.36
Maharashtra,Aurangabad,2018,Wheat,12494.63,1475198.46,4672.21
Maharashtra,Kolhapur,2019,Cotton,2831.28,593722.12,1229.4
Maharashtra,Solapur,2023,Onion,28274.06,1074568.48,1092.77
Maharashtra,Sangli,2020,Rice,15935.7,871848.21,3490.46
Maharashtra,Pune,2023,Maize,35650.51,1083429.44,1061.62
Maharashtra,Aurangabad,2024,Maize,4135.5,231652.03,5037.6
Maharashtra,Sangli,2020,Chickpea,48318.75,550396.4,1893.3
Maharashtra,Jalgaon,2024,Potato,9424.21,94665.66,1535.81
Maharashtra,Nashik,2019,Soybean,17917.14,920017.6,1521.19
Maharashtra,Ahmednagar,2024,Wheat,24099.65,1390081.3,748.77
Maharashtra,Solapur,2025,Sugarcane,44516.86,840644.73,4030.09
Maharashtra,Jalgaon,2018,Sugarcane,36154.79,105962.26,1404.73
Maharashtra,Pune,2019,Chickpea,7326.94,1395600.91,1783.36
Maharashtra,Kolhapur,2022,Potato,21986.82,199880.88,4632.18
Maharashtra,Jalgaon,2019,Rice,27191.3,1324470.67,816.15
Maharashtra,Aurangabad,2020,Tomato,35136.07,1071483.76,1615.1
Maharashtra,Solapur,2025,Sugarcane,28633.54,954733.45,1321.42
Maharashtra,Sangli,2024,Wheat,22921.01,880477.97,526.67
Maharashtra,Aurangabad,2023,Tomato,38300.83,197158.25,3466.38
Maharashtra,Solapur,2024,Chickpea,18965.08,751515.21,1545.19
Maharashtra,Kolhapur,2021,Potato,49359.92,295441.21,3980.99
Maharashtra,Dhule,2022,Wheat,47394.35,857889.92,3259.79
Maharashtra,Dhule,2018,Chickpea,35398.28,671291.94,4173.33
Maharashtra,Ahmednagar,2024,Maize,44142.34,1019673.5,5898.6
Maharashtra,Pune,2023,Soybean,19719.46,1473754.3,1709.31
Maharashtra,Satara,2019,Sugarcane,29115.36,541842.6,4162.32
Maharashtra,Nashik,2022,Cotton,13705.49,925261.89,5084.86
Maharashtra,Jalgaon,2025,Tomato,44293.4,1296678.19,5765.62
Maharashtra,Kolhapur,2020,Tomato,23604.15,139843.49,3922.84
Maharashtra,Dhule,2024,Potato,26853.57,1200468.97,1219.59
Maharashtra,Kolhapur,2018,Wheat,43241.92,359517.74,796.16
Maharashtra,Sangli,2019,Tomato,39884.2,810643.89,2031.82
Maharashtra,Sangli,2024,Onion,16154.99,1487256.41,5604.87
Maharashtra,Kolhapur,2023,Rice,4462.64,1476086.09,3453.13
Maharashtra,Kolhapur,2019,Cotton,8188.45,474038.56,3686.18
Maharashtra,Pune,2018,Cotton,17020.88,198078.55,3858.31
Maharashtra,Pune,2023,Tomato,15334.01,1407308.46,2327.18
Maharashtra,Kolhapur,2021,Cotton,2011.7,1340347.39,1498.75
Maharashtra,Sangli,2021,Soybean,21660.05,924239.83,5748.33
Maharashtra,Pune,2022,Sugarcane,5381.93,49099.38,4654.62
Maharashtra,Nashik,2024,Cotton,11122.4,1127044.85,3310.78
Maharashtra,Jalgaon,2019,Wheat,39395.41,241702.39,2571.88
Maharashtra,Dhule,2025,Rice,24794.49,1414560.4,3155.25
Maharashtra,Pune,2022,Onion,18710.36,652971.54,685.16
Maharashtra,Pune,2018,Cotton,9353.22,922865.85,1861.21
Maharashtra,Ahmednagar,2023,Soybean,43327.38,421979.37,1878.88
Maharashtra,Solapur,2022,Potato,45194.12,712876.29,2949.41
Maharashtra,Jalgaon,2024,Potato,25982.03,1132075.94,1799.48
Maharashtra,Satara,2019,Onion,46071.61,738278.84,1520.01
Maharashtra,Ahmednagar,2024,Wheat,23292.97,1270872.4,4710.4
Maharashtra,Dhule,2025,Chickpea,5451.4,1069684.64,
Maharashtra,Satara,2021,Chickpea,950.27,116500.68,869.27
Maharashtra,Dhule,2021,Cotton,6506.05,910449.69,1653.1
Maharashtra,Aurangabad,2025,Maize,31170.55,919092.85,4755.28
Maharashtra,Pune,2018,Cotton,16113.17,571657.08,4987.09
Maharashtra,Dhule,2020,Onion,32450.62,484424.53,3250.88
Maharashtra,Sangli,2022,Maize,25448.01,94799.95,4321.86
Maharashtra,Aurangabad,2018,Sugarcane,16717.33,669511.64,926.8
Maharashtra,Solapur,2021,Wheat,11012.12,505226.39,5172.41
Maharashtra,Ahmednagar,2024,Tomato,4144.08,1426618.68,5080.01
Maharashtra,Jalgaon,2019,Rice,39141.31,1011424.49,4313.71
Maharashtra,Aurangabad,2019,Onion,40968.31,690362.09,5539.8
Maharashtra,Kolhapur,2023,Soybean,27118.4,1132040.66,761.99
Maharashtra,Kolhapur,2020,Onion,7939.02,1168265.07,1770.3
Maharashtra,Satara,2025,Onion,13250.1,720943.61,2494.0
Maharashtra,Jalgaon,2025,Chickpea,47761.75,114098.82,1372.24
Maharashtra,Ahmednagar,2020,Cotton,11374.45,1170936.42,4981.55
Maharashtra,Nashik,2021,Potato,2934.56,135880.92,4664.56
Maharashtra,Kolhapur,2020,Rice,27547.47,1271336.49,4752.89
Maharashtra,Jalgaon,2020,Soybean,13169.51,501568.26,2102.11
Maharashtra,Satara,2019,Rice,47876.0,957542.33,4694.77
Maharashtra,Aurangabad,2023,Potato,28780.92,1110736.48,1176.82
Maharashtra,Pune,2022,Chickpea,48294.16,53271.1,1087.4
Maharashtra,Dhule,2024,Onion,39300.27,577229.15,3712.32
Maharashtra,Jalgaon,2019,Rice,36181.93,906412.44,767.68
Maharashtra,Aurangabad,2023,Onion,41535.19,1272292.3,5662.58
Maharashtra,Dhule,2019,Onion,30283.79,1076795.64,2308.66
Maharashtra,Jalgaon,2021,Wheat,654.95,1344263.68,3123.68
Maharashtra,Nashik,2023,Onion,19683.99,124542.65,4972.76
Maharashtra,Ahmednagar,2025,Onion,11029.0,108197.09,2700.29
Maharashtra,Ahmednagar,2023,Cotton,21772.2,1070430.65,2868.55
Maharashtra,Jalgaon,2021,Chickpea,23580.42,598093.1,2413.69
Maharashtra,Ahmednagar,2025,Tomato,6478.77,722706.08,2434.48
Maharashtra,Aurangabad,2023,Wheat,1269.23,906671.9,3073.75
Maharashtra,Nashik,2024,Wheat,6996.19,1478919.22,5702.61
Maharashtra,Ahmednagar,2022,Sugarcane,42885.61,101215.65,5648.1
Maharashtra,Pune,2018,Wheat,37817.12,163787.89,3498.39
Maharashtra,Jalgaon,2020,Soybean,39964.76,1244055.2,3007.78
Maharashtra,Nashik,2023,Wheat,13887.7,31276.13,4944.89
Maharashtra,Pune,2020,Chickpea,11881.35,675957.03,4245.11
Maharashtra,Nashik,2019,Soybean,1964.88,1161290.38,5348.6
Maharashtra,Jalgaon,2019,Sugarcane,23666.2,293305.6,4518.37
Maharashtra,Kolhapur,2023,Cotton,19182.2,280921.66,5737.89
Maharashtra,Nashik,2023,Chickpea,41810.72,465723.39,5374.35
Maharashtra,Aurangabad,2023,Tomato,34125.19,225440.5,5203.87
Maharashtra,Satara,2024,Tomato,7299.87,1017990.0,2653.51
Maharashtra,Sangli,2024,Wheat,49359.04,300606.26,
Maharashtra,Aurangabad,2022,Maize,38554.97,340672.88,4576.62
Maharashtra,Sangli,2023,Cotton,36039.85,862615.25,960.62
Maharashtra,Solapur,2024,Potato,10909.12,1451027.95,2272.18
Maharashtra,Ahmednagar,2020,Chickpea,45267.31,1370866.92,5627.23
Maharashtra,Dhule,2019,Maize,23748.65,1296812.85,2975.56
Maharashtra,Kolhapur,2019,Wheat,14953.03,796620.29,1984.44
Maharashtra,Sangli,2024,Wheat,32776.2,446978.85,3120.49
Maharashtra,Jalgaon,2023,Wheat,10666.42,1058797.88,2087.24
Maharashtra,Kolhapur,2021,Rice,45387.52,584671.13,4725.43
Maharashtra,Aurangabad,2024,Potato,42731.75,1166974.52,5178.33
Maharashtra,Pune,2018,Rice,23299.08,24779.13,4804.62
Maharashtra,Kolhapur,2023,Tomato,9613.81,794545.29,1319.76
Maharashtra,Kolhapur,2025,Soybean,24875.56,506357.07,2348.31
Maharashtra,Solapur,2022,Wheat,7542.0,373949.13,1676.84
Maharashtra,Dhule,2018,Maize,13565.46,992924.34,735.4
Maharashtra,Solapur,2018,Potato,24188.35,987730.81,4565.46
Maharashtra,Kolhapur,2023,Rice,1154.87,56082.23,2855.98
Maharashtra,Solapur,2022,Onion,38309.56,1421574.48,2021.43
Maharashtra,Dhule,2024,Cotton,9926.05,543098.63,2191.4
Maharashtra,Ahmednagar,2020,Onion,43343.9,1376153.02,1242.59
Maharashtra,Pune,2023,Onion,1210.77,875788.12,5047.18
Maharashtra,Aurangabad,2019,Tomato,26653.37,979059.41,1291.58
Maharashtra,Satara,2022,Cotton,38854.88,1440793.11,2360.74
Maharashtra,Kolhapur,2019,Chickpea,11973.63,1233384.82,540.63
Maharashtra,Kolhapur,2024,Wheat,35406.9,210482.5,2900.26
Maharashtra,Satara,2024,Sugarcane,36071.3,8328.83,2451.4
Maharashtra,Dhule,2024,Wheat,31928.4,463226.78,4455.06
Maharashtra,Satara,2023,Soybean,18276.21,733062.12,4434.22
Maharashtra,Satara,2024,Maize,39274.73,1098358.76,712.47
Maharashtra,Ahmednagar,2023,Wheat,31458.84,991742.05,1137.25
Maharashtra,Pune,2021,Tomato,29560.37,469627.83,5475.44
Maharashtra,Kolhapur,2018,Tomato,40976.15,813222.99,4854.89
Maharashtra,Satara,2021,Sugarcane,12307.44,976574.51,2642.17
Maharashtra,Nashik,2024,Rice,11701.15,770868.43,1415.06
Maharashtra,Ahmednagar,2019,Tomato,15404.84,579977.11,4289.36
Maharashtra,Jalgaon,2019,Maize,7615.17,110163.04,3168.7
Maharashtra,Ahmednagar,2018,Maize,7266.13,506421.51,3413.27
Maharashtra,Solapur,2020,Chickpea,25976.83,609704.98,5674.26
Maharashtra,Aurangabad,2022,Soybean,37486.48,742839.75,2640.37
Maharashtra,Nashik,2021,Tomato,28266.68,381393.19,4656.39
Maharashtra,Pune,2021,Sugarcane,43677.3,1360310.25,2340.72
Maharashtra,Satara,2019,Maize,15862.03,427975.01,2325.2
Maharashtra,Nashik,2025,Maize,29792.82,1277400.39,5596.69
Maharashtra,Jalgaon,2018,Tomato,33095.96,667706.18,4342.69
Maharashtra,Dhule,2025,Maize,14106.44,1077375.97,5609.27
Maharashtra,Pune,2024,Onion,19875.57,166798.13,5970.2
Maharashtra,Pune,2019,Sugarcane,29587.9,817183.51,501.12
Maharashtra,Dhule,2019,Sugarcane,1144.44,1441258.43,5907.33
Maharashtra,Dhule,2024,Maize,44341.88,999543.69,1054.79
Maharashtra,Nashik,2024,Sugarcane,5642.1,1230523.75,887.26
Maharashtra,Sangli,2023,Cotton,2473.14,391975.16,4722.95
Maharashtra,Pune,2020,Sugarcane,10830.26,1200353.3,2426.02
Maharashtra,Nashik,2025,Onion,25165.67,527204.45,5547.97
Maharashtra,Ahmednagar,2025,Wheat,16502.0,727874.61,3494.79
