date,district,latitude,longitude,temperature_c,precipitation_mm,relative_humidity_pct,solar_radiation_kwh_m2
2025-04-13,Pune,18.6977,75.9965,26.25,19.46,76.61,8.12
2025-12-15,Ahmednagar,19.819,74.2487,28.61,2.15,95.24,3.47
2025-09-28,Kolhapur,18.8636,75.6511,35.1,6.78,63.96,6.29
2025-04-17,Solapur,16.6469,74.0328,26.23,1.98,95.3,1.52
2025-03-13,Nashik,20.4085,74.046,30.96,9.61,45.01,4.85
2025-07-08,Sangli,16.7911,73.3747,29.06,18.69,58.3,5.54
2025-01-21,Jalgaon,20.8012,74.5402,30.13,3.61,59.93,4.08
2025-04-13,Dhule,16.6131,75.554,28.9,7.74,43.23,2.52
2025-05-02,Jalgaon,19.625,76.2908,24.26,9.55,20.0,5.14
2025-08-03,Aurangabad,16.8699,75.1133,24.76,4.34,77.65,7.5
2025-11-27,Jalgaon,20.598,76.021,22.73,2.53,45.26,4.98
2025-03-29,Kolhapur,18.5899,75.8787,18.8,1.05,54.79,6.04
2025-04-10,Solapur,17.1189,73.6067,33.22,6.11,90.52,6.89
2025-12-26,Sangli,18.0337,74.7004,27.05,14.72,72.3,8.91
2025-06-01,Nashik,17.2417,73.4092,32.97,14.71,93.32,3.62
2025-05-11,Nashik,17.2676,75.3875,34.83,2.31,64.17,3.78
2025-05-30,Ahmednagar,20.7665,76.3246,27.27,2.77,72.0,4.76
2025-11-05,Dhule,18.5036,73.4798,20.43,14.59,57.67,6.12
2025-09-15,Pune,20.0496,75.5686,26.02,22.7,46.72,1.72
2025-12-10,Solapur,19.3782,75.2128,23.64,5.27,71.93,6.18
2025-10-21,Pune,19.5439,75.0426,17.1,11.28,54.15,5.42
2025-07-11,Sangli,17.0926,74.3654,24.49,4.06,73.6,4.4
2025-10-04,Jalgaon,17.5538,74.243,26.64,25.02,51.73,5.84
2025-06-10,Nashik,20.0404,73.1584,23.78,10.29,58.84,6.53
2025-11-10,Sangli,20.8684,73.7627,23.14,11.3,60.28,6.74
2025-01-22,Jalgaon,17.682,73.0531,20.61,10.78,81.39,5.22
2025-09-10,Nashik,17.7221,75.035,27.98,7.28,54.36,5.69
2025-08-24,Jalgaon,18.628,73.3705,36.35,8.08,83.37,5.63
2025-12-11,Dhule,20.9273,76.0556,33.39,19.21,45.71,7.05
2025-02-18,Solapur,17.7103,74.831,30.27,2.67,66.86,5.77
2025-02-28,Aurangabad,18.3314,75.4489,30.38,7.78,49.62,6.17
2025-06-19,Sangli,20.5117,74.438,26.34,5.0,82.08,6.54
2025-07-07,Sangli,16.5131,74.962,17.98,15.33,47.26,8.14
2025-09-28,Satara,16.6789,76.2993,25.15,11.38,49.1,4.32
2025-07-09,Kolhapur,19.2183,73.2896,22.15,3.07,39.39,7.64
2025-06-24,Dhule,20.5832,73.8888,27.77,7.42,63.85,8.91
2025-02-20,Dhule,17.5749,75.73,33.17,4.89,72.64,4.42
2025-12-30,Pune,18.6134,73.3456,36.87,6.71,70.7,4.87
2025-02-24,Jalgaon,18.5271,73.2648,27.32,2.98,59.4,4.56
2025-09-01,Kolhapur,18.6284,74.2654,18.66,3.21,50.11,6.19
2025-11-16,Solapur,19.3013,73.3226,27.31,1.0,56.98,2.41
2025-05-11,Solapur,18.6138,75.0478,27.45,3.09,57.67,4.45
2025-11-03,Dhule,18.5136,73.792,30.39,18.52,66.55,4.79
2025-05-15,Solapur,18.6343,76.1349,26.9,19.76,65.31,4.66
2025-01-21,Satara,19.1589,75.7423,27.33,2.42,93.31,4.64
2025-11-25,Sangli,18.9165,75.449,23.84,0.22,62.71,4.47
2025-06-16,Ahmednagar,20.3436,75.1593,25.44,2.49,68.49,6.37
2025-10-01,Aurangabad,16.7227,76.0221,29.57,4.3,63.29,6.01
2025-03-30,Pune,20.2499,73.7807,16.96,8.07,,7.76
2025-11-12,Jalgaon,20.2977,76.0559,25.41,21.87,68.37,6.37
2025-01-14,Aurangabad,17.7821,75.7632,30.44,7.79,54.43,3.55
2025-08-30,Jalgaon,18.5828,75.6186,35.2,7.51,60.95,4.94
2025-09-22,Nashik,18.4734,74.9644,25.01,12.68,82.87,4.79
2025-12-12,Aurangabad,17.4833,73.8619,32.93,2.83,53.26,5.58
2025-02-22,Ahmednagar,18.2856,74.4824,35.45,7.53,68.97,6.84
2025-12-06,Dhule,16.6997,75.7775,25.07,9.35,20.0,5.48
2025-04-02,Satara,17.7502,73.1112,24.21,14.22,58.66,5.48
2025-09-21,Sangli,20.1751,75.7372,26.09,11.51,53.14,5.22
2025-02-04,Sangli,17.7805,73.8402,26.59,20.1,64.16,6.42
2025-07-25,Satara,20.1819,73.5051,32.45,3.67,57.75,4.35
2025-03-22,Kolhapur,18.8922,73.405,23.13,8.63,64.55,3.01
2025-02-19,Nashik,20.4594,73.0954,34.69,0.01,55.18,6.17
2025-12-26,Jalgaon,19.0865,74.8326,23.0,3.79,68.95,5.76
2025-01-02,Ahmednagar,16.6335,73.7639,20.68,2.69,31.14,7.19
2025-02-23,Solapur,19.5394,76.463,29.62,15.61,64.01,1.56
2025-04-16,Aurangabad,16.7018,75.0105,33.15,7.53,45.13,5.05
2025-09-17,Nashik,18.5277,73.4826,27.89,9.84,83.02,5.36
2025-11-06,Aurangabad,20.6824,75.4107,29.18,4.57,44.84,2.93
2025-07-10,Ahmednagar,17.2434,76.1421,36.77,11.35,79.91,5.07
2025-08-06,Pune,18.2544,75.6081,33.22,12.16,61.79,6.98
2025-02-13,Pune,19.7844,73.2675,27.15,3.66,29.08,8.33
2025-06-11,Nashik,20.4702,76.1356,24.84,4.75,46.23,6.67
2025-07-21,Dhule,19.5192,75.7788,32.48,5.44,77.26,4.71
2025-09-27,Ahmednagar,17.6618,73.5541,31.15,7.15,76.24,7.09
2025-12-17,Ahmednagar,19.5357,73.1813,29.09,1.39,38.61,6.57
2025-10-31,Satara,17.8353,74.9506,25.36,1.74,90.13,4.47
2025-09-28,Dhule,19.7329,73.5461,26.62,5.49,61.56,4.33
2025-08-03,Jalgaon,20.7931,75.9211,26.26,18.72,77.93,4.95
2025-09-09,Jalgaon,19.7463,74.2542,25.45,13.49,40.19,3.62
2025-07-09,Solapur,20.383,76.1951,23.99,1.96,53.79,4.73
2025-10-23,Sangli,16.5095,74.9799,28.33,11.68,69.49,5.93
2025-08-01,Pune,19.7291,73.6394,,2.61,56.36,6.76
2025-07-27,Jalgaon,20.2331,73.4886,27.89,2.17,20.0,4.63
2025-08-25,Dhule,16.6825,75.0177,16.5,12.68,58.57,7.28
2025-12-04,Ahmednagar,20.4222,75.6666,24.0,2.44,26.64,6.18
2025-02-22,Jalgaon,17.6551,75.7353,32.49,1.92,42.73,6.24
2025-10-07,Ahmednagar,19.4938,73.9652,22.5,7.21,36.75,3.82
2025-08-05,Jalgaon,20.1016,73.7149,29.96,3.11,82.39,7.91
2025-09-09,Pune,19.482,73.0586,22.91,0.4,88.03,6.03
2025-07-07,Aurangabad,16.9153,75.3772,30.88,4.22,68.15,4.7
2025-02-10,Jalgaon,19.1834,73.268,25.51,1.7,57.86,4.44
2025-06-06,Dhule,18.9731,74.4727,25.32,7.08,62.51,4.73
2025-01-15,Jalgaon,20.5514,75.1059,27.27,35.05,82.37,3.67
2025-10-28,Sangli,18.3191,76.2799,20.28,32.0,26.3,6.68
2025-03-06,Pune,17.9449,74.0913,31.86,20.96,42.65,3.83
2025-12-11,Dhule,19.8743,73.8742,33.52,6.77,80.07,5.63
2025-11-23,Satara,18.357,75.2896,25.2,6.42,83.82,4.53
2025-01-09,Dhule,19.4074,75.1673,29.62,9.89,72.61,6.21
2025-12-10,Sangli,19.409,74.1624,30.89,1.18,43.19,6.41
2025-05-09,Aurangabad,20.4962,76.2484,26.54,5.15,79.81,4.23
2025-05-16,Pune,19.1941,75.957,21.46,8.71,86.51,5.15
2025-03-04,Satara,18.7597,73.7839,34.97,16.43,74.93,3.03
2025-05-19,Sangli,17.1249,73.837,25.04,0.74,20.0,7.75
2025-03-22,Sangli,17.0208,74.7931,23.95,51.52,64.24,6.8
2025-06-12,Nashik,17.1944,75.7075,35.19,8.01,72.53,3.11
2025-10-16,Pune,17.2733,73.1541,30.05,3.66,52.72,3.9
2025-09-18,Dhule,19.3704,75.4267,28.29,5.49,65.36,5.0
2025-08-19,Ahmednagar,19.8344,75.2688,22.15,8.94,52.76,5.26
2025-02-10,Aurangabad,18.885,73.8102,31.01,4.28,46.49,4.17
2025-01-28,Ahmednagar,20.2306,75.3847,41.48,14.17,89.19,3.48
2025-05-15,Dhule,20.9607,76.2906,31.4,1.8,65.87,5.79
2025-07-20,Dhule,20.1901,73.1638,29.48,37.18,42.09,7.81
2025-11-24,Pune,19.627,74.1188,30.61,8.35,37.22,5.28
2025-09-25,Dhule,18.8962,74.5336,25.36,1.4,46.5,4.76
2025-02-02,Nashik,18.5198,76.1474,25.31,1.91,46.6,4.6
2025-02-17,Satara,16.8798,76.3679,25.25,13.53,64.64,3.55
2025-03-03,Dhule,18.2972,74.5544,24.13,10.18,70.74,4.19
2025-08-04,Ahmednagar,20.5956,75.6251,25.24,9.91,70.72,6.9
2025-10-20,Dhule,20.1361,74.8608,25.21,7.76,48.5,2.09
2025-04-09,Nashik,17.4722,74.8822,25.78,8.2,78.57,5.31
2025-06-21,Jalgaon,18.5997,73.9733,25.64,11.05,84.1,5.24
2025-12-26,Jalgaon,20.1753,73.7593,28.22,12.62,57.32,5.38
2025-08-02,Sangli,16.8032,74.008,27.39,7.87,43.42,6.29
2025-02-04,Aurangabad,18.2433,74.9471,27.84,6.26,63.81,5.29
2025-08-15,Solapur,20.3333,73.102,34.61,2.12,98.0,4.52
2025-04-11,Satara,18.3175,76.1754,27.38,6.89,42.95,4.22
2025-05-11,Kolhapur,16.8493,73.547,38.05,6.38,52.53,7.15
2025-09-14,Sangli,18.9414,73.7703,28.76,8.51,63.03,6.76
2025-01-05,Aurangabad,20.3778,74.814,24.76,4.05,71.75,9.0
2025-08-06,Jalgaon,19.1563,75.4854,33.75,7.79,26.26,4.78
2025-09-12,Ahmednagar,17.5183,73.3351,26.6,7.65,85.51,4.24
2025-12-25,Kolhapur,18.2291,74.1119,15.03,7.72,85.26,5.88
2025-10-10,Aurangabad,18.5256,76.3904,26.98,1.88,54.35,5.84
2025-07-26,Aurangabad,19.1067,73.9182,25.75,1.16,98.0,6.15
2025-01-15,Sangli,19.9171,74.0957,35.03,28.78,84.1,6.47
2025-12-12,Kolhapur,16.9449,75.9277,22.51,13.61,83.14,6.14
2025-02-11,Pune,20.5034,73.1758,25.34,5.42,83.38,6.81
2025-06-28,Solapur,16.5554,74.6261,33.34,7.08,82.86,7.01
2025-03-04,Pune,18.1652,74.3287,28.97,4.4,61.61,7.04
2025-12-18,Kolhapur,16.6234,74.1081,26.14,8.63,59.82,1.81
2025-08-19,Pune,18.2684,73.9999,23.22,8.32,45.02,5.55
2025-08-29,Nashik,18.8662,73.3198,28.76,8.63,51.61,3.82
2025-02-21,Jalgaon,18.8026,74.1019,26.85,2.18,56.4,6.78
2025-04-06,Nashik,17.2453,73.1507,23.16,11.62,63.18,1.78
2025-08-10,Dhule,19.4058,75.7334,23.42,7.61,90.77,7.4
2025-08-19,Pune,16.7015,74.3938,22.93,8.29,24.16,3.9
2025-08-25,Dhule,19.9286,74.5537,22.04,3.16,86.21,3.56
2025-05-23,Ahmednagar,20.7599,76.1276,31.67,13.37,43.79,5.73
2025-06-20,Satara,18.029,75.3032,31.0,8.18,60.12,4.64
2025-01-29,Ahmednagar,18.8276,73.0282,31.68,17.25,48.96,7.87
2025-02-05,Kolhapur,18.2051,76.3011,27.02,12.05,95.38,7.24
2025-01-13,Aurangabad,16.5302,73.83,25.79,6.88,53.0,4.43
2025-06-09,Jalgaon,18.2364,73.3766,25.88,12.48,71.39,6.76
2025-11-23,Pune,20.0627,75.6884,32.11,20.03,72.32,4.38
2025-07-06,Sangli,19.1819,74.7517,17.9,2.03,41.12,4.37
2025-08-31,Satara,16.9557,74.5182,24.43,1.97,60.26,6.27
2025-03-27,Solapur,20.3121,73.8733,22.56,16.64,83.68,7.38
2025-10-11,Solapur,18.8899,74.9162,33.8,2.74,46.28,4.54
2025-03-07,Solapur,20.2878,73.9603,24.61,0.75,76.92,4.65
2025-06-19,Pune,19.111,76.1555,18.82,3.67,56.04,5.65
2025-02-14,Solapur,19.0186,73.7532,28.12,11.29,82.95,3.86
2025-03-03,Nashik,16.9737,76.0952,25.15,4.05,93.45,7.55
2025-05-14,Satara,17.2531,74.9579,24.22,9.65,25.86,3.84
2025-10-11,Nashik,20.8741,75.8997,23.7,10.84,37.91,4.25
2025-01-28,Aurangabad,17.5282,75.495,23.5,6.57,54.11,7.85
2025-04-18,Satara,20.8985,75.4384,30.54,11.9,88.38,5.52
2025-02-13,Nashik,18.8936,74.1352,28.12,2.26,71.58,8.12
2025-12-06,Satara,17.1111,73.8186,26.01,8.78,39.59,4.87
2025-10-13,Aurangabad,16.9469,73.7381,21.51,7.7,74.22,8.98
2025-11-27,Dhule,17.4399,76.0002,26.16,19.61,45.55,6.12
2025-05-08,Pune,20.6654,75.8715,28.3,0.61,77.67,4.07
2025-12-14,Pune,18.3637,74.542,28.49,8.94,71.7,4.05
2025-08-19,Solapur,18.2795,73.4634,27.8,7.54,45.47,3.01
2025-07-09,Ahmednagar,17.9094,74.3379,22.39,5.03,60.81,3.18
2025-08-13,Solapur,17.1618,75.1677,14.98,0.51,84.04,4.21
2025-10-10,Kolhapur,18.6953,74.5904,36.0,1.54,27.94,3.71
2025-05-01,Nashik,17.0852,75.7307,20.45,4.12,67.42,1.33
2025-04-26,Satara,20.2597,76.4917,17.18,9.02,42.08,6.46
2025-08-21,Ahmednagar,18.1668,73.669,27.65,1.73,61.71,6.36
2025-09-16,Aurangabad,18.1866,74.6088,18.46,18.19,70.24,5.66
2025-12-25,Kolhapur,18.633,74.5084,22.98,6.78,98.0,3.5
2025-07-17,Aurangabad,18.4986,74.0657,,14.28,61.53,7.67
2025-05-17,Pune,20.9769,73.6933,35.86,23.73,88.38,4.93
2025-11-14,Pune,18.9542,73.2299,28.94,2.41,46.87,3.95
2025-06-14,Solapur,16.8969,76.1049,24.8,0.02,53.09,5.55
2025-08-13,Nashik,19.2309,74.4695,26.74,5.42,72.57,5.46
2025-11-03,Ahmednagar,17.1821,74.7391,17.96,1.58,65.63,1.45
2025-08-22,Jalgaon,16.6392,76.2093,24.75,37.61,56.09,5.15
2025-06-21,Kolhapur,20.8683,75.717,24.75,7.79,55.6,5.38
2025-06-01,Kolhapur,19.9809,73.4568,27.77,8.02,86.0,4.63
2025-11-11,Solapur,20.9105,74.979,36.71,2.17,56.81,3.22
2025-06-09,Pune,18.6505,74.5479,17.32,18.47,43.62,3.26
2025-04-06,Solapur,18.8952,75.7902,24.96,12.0,46.61,5.97
2025-08-21,Satara,17.2575,75.5348,17.83,5.21,74.06,6.34
2025-06-29,Ahmednagar,17.6111,75.4164,24.48,10.56,98.0,4.53
2025-04-23,Nashik,20.2735,74.1919,22.68,9.41,52.57,5.77
2025-11-14,Dhule,18.1028,75.8174,19.53,12.88,98.0,4.51
2025-02-21,Sangli,20.2207,73.1834,31.57,4.71,61.8,3.92
2025-09-25,Sangli,19.6906,73.5587,28.28,7.8,56.96,5.52
2025-10-22,Solapur,17.2973,74.1747,30.98,4.5,45.62,3.48
2025-04-23,Satara,18.7835,73.2688,24.34,3.22,58.44,8.04
2025-04-11,Ahmednagar,19.5482,73.8225,26.65,9.17,48.39,3.04
2025-04-23,Jalgaon,17.5577,75.9055,34.97,1.72,46.95,5.63
2025-03-22,Sangli,20.2381,76.3189,26.99,24.79,32.26,5.43
2025-07-06,Ahmednagar,18.9517,74.0661,31.04,8.44,93.79,5.29
2025-04-23,Nashik,17.2436,73.9258,23.91,1.98,81.16,7.43
2025-01-02,Aurangabad,19.1234,73.9796,30.58,16.62,66.89,1.17
2025-05-10,Satara,20.9987,73.972,24.26,8.0,59.41,5.82
2025-08-08,Pune,17.1773,73.1258,17.52,1.31,61.9,4.79
2025-02-23,Ahmednagar,20.1754,76.2442,26.96,3.37,48.02,6.08
2025-12-09,Nashik,17.4329,73.7479,24.65,6.6,41.59,5.28
2025-08-12,Jalgaon,20.0207,74.47,18.88,1.7,74.91,5.09
2025-08-13,Dhule,19.8056,73.0339,27.96,21.93,57.28,3.39
2025-05-06,Pune,17.8522,76.0028,22.53,9.33,67.86,4.19
2025-05-10,Dhule,17.9662,75.5591,42.46,9.66,32.08,9.0
2025-02-22,Jalgaon,20.0663,76.3136,19.68,3.47,56.32,6.09
2025-06-21,Nashik,18.5765,75.7357,20.94,14.08,41.24,6.78
2025-08-06,Sangli,19.7887,74.098,31.35,11.28,70.71,4.67
2025-06-09,Dhule,17.1659,73.8676,26.33,6.29,79.92,3.92
2025-07-17,Pune,20.3365,75.442,31.25,7.18,88.27,6.36
2025-09-04,Solapur,19.699,74.2744,28.9,24.46,50.68,2.34
2025-11-20,Kolhapur,20.5812,74.9818,24.09,4.0,41.7,4.22
2025-07-22,Ahmednagar,17.0957,73.0219,20.1,14.15,54.47,4.67
2025-07-03,Sangli,19.1686,73.2166,32.36,7.1,49.41,6.62
2025-05-03,Dhule,19.196,74.8738,20.56,9.11,69.76,5.82
2025-09-12,Aurangabad,18.0906,74.9813,29.79,5.91,36.75,4.49
2025-10-21,Ahmednagar,18.5631,75.6301,31.59,27.74,30.42,5.75
2025-10-07,Solapur,16.6709,73.4619,26.37,10.17,55.76,4.75
2025-11-21,Jalgaon,19.8564,74.7961,25.48,10.42,75.08,6.81
2025-04-08,Kolhapur,18.972,73.6806,22.08,1.51,43.51,5.55
2025-07-17,Nashik,16.7598,73.3262,29.31,3.16,77.28,7.8
2025-08-28,Solapur,19.5634,74.4367,11.77,10.64,68.58,4.78
2025-05-24,Solapur,18.6005,73.5717,30.58,6.15,89.84,7.04
2025-04-07,Jalgaon,16.6551,73.7762,27.6,1.64,47.56,5.34
2025-07-20,Satara,20.8632,74.1114,25.89,16.08,33.08,4.15
2025-05-04,Jalgaon,20.771,73.9079,28.21,1.81,72.77,9.0
2025-07-06,Satara,18.8081,73.3066,20.13,31.01,67.04,7.16
2025-11-22,Satara,16.9215,73.3147,14.94,12.0,65.64,5.55
2025-12-15,Sangli,19.8958,73.6764,29.34,6.87,43.14,6.35
2025-09-16,Sangli,18.7137,73.177,33.58,5.41,75.95,3.58
2025-05-28,Pune,17.861,75.1926,18.3,3.0,50.6,3.63
2025-09-09,Dhule,18.7114,74.0056,21.74,0.24,65.64,6.87
2025-12-12,Dhule,18.851,73.9791,30.76,2.54,53.73,5.21
2025-05-27,Nashik,19.0322,74.162,28.79,10.68,68.38,4.97
2025-05-28,Dhule,18.4855,75.3198,41.82,1.25,40.49,4.77
2025-12-18,Sangli,19.2259,76.0472,32.38,4.65,70.99,5.43
2025-07-18,Pune,20.6343,75.6568,31.18,28.6,73.84,4.82
2025-11-04,Pune,18.1302,75.5464,23.18,3.19,64.09,2.15
2025-05-08,Satara,19.7657,74.6954,29.62,0.58,91.59,7.32
2025-02-08,Jalgaon,20.525,75.4283,34.48,1.45,65.73,5.03
2025-12-04,Nashik,18.5519,74.9347,26.18,30.23,78.54,7.95
2025-12-26,Satara,18.4956,73.7569,26.41,7.93,63.66,2.56
2025-05-09,Jalgaon,19.2095,73.7301,27.71,2.42,76.93,2.55
2025-09-24,Dhule,19.1613,74.0374,23.68,10.28,34.4,4.79
2025-05-31,Satara,20.1297,76.1878,28.34,2.02,62.59,6.67
2025-10-25,Ahmednagar,18.6442,74.916,28.22,0.11,41.72,3.37
2025-04-09,Dhule,20.9826,75.5687,34.4,22.09,64.53,3.31
2025-09-20,Jalgaon,16.7676,74.213,26.05,5.38,68.92,5.76
2025-09-09,Nashik,16.5143,74.427,30.37,13.8,76.53,4.73
2025-05-24,Jalgaon,19.3809,73.4395,26.2,4.96,70.82,6.02
2025-12-12,Satara,17.843,73.5995,30.2,7.21,55.94,4.76
2025-04-22,Satara,17.5817,75.8957,25.75,7.09,48.44,5.78
2025-03-01,Solapur,17.9035,75.0469,29.87,10.04,20.0,7.25
2025-01-02,Nashik,17.6522,74.1814,30.64,0.98,63.24,3.37
2025-10-31,Aurangabad,16.6386,75.81,21.67,20.71,82.48,6.98
2025-09-11,Dhule,20.8719,73.8628,32.51,10.91,63.95,2.64
2025-05-20,Pune,17.4934,76.4161,26.17,5.44,60.47,6.11
2025-02-06,Nashik,19.8031,74.2069,24.65,22.51,64.58,7.33
2025-06-09,Pune,19.9317,74.1806,23.45,13.59,55.02,4.41
2025-01-09,Nashik,20.6817,74.0917,28.49,0.84,65.51,6.17
2025-08-21,Nashik,16.6375,73.4274,26.98,15.82,54.71,4.47
2025-04-09,Jalgaon,20.4242,73.389,28.85,2.63,45.82,6.08
2025-05-27,Nashik,18.8725,75.2684,28.95,0.56,60.64,1.81
2025-10-31,Solapur,19.3464,76.0629,30.04,1.94,60.25,5.44
2025-07-27,Aurangabad,19.4001,75.7668,40.88,13.06,95.75,5.79
2025-05-11,Satara,20.1891,73.4939,27.2,8.17,47.5,7.22
2025-06-01,Kolhapur,18.0003,74.9095,23.33,10.66,59.13,6.59
2025-02-23,Pune,19.7987,73.3696,16.9,15.34,57.38,4.96
2025-04-30,Satara,18.8786,73.1585,21.02,5.46,53.94,5.6
2025-06-10,Kolhapur,20.0703,75.2974,33.18,23.35,71.24,3.03
2025-04-26,Aurangabad,20.9575,74.873,30.6,7.25,98.0,7.67
2025-03-16,Aurangabad,17.4029,73.2871,20.25,0.47,56.23,6.24
2025-04-23,Pune,20.9759,73.1223,39.32,30.87,71.29,2.41
2025-04-14,Pune,16.9042,76.4641,28.63,1.0,27.58,5.57
2025-12-06,Aurangabad,16.5104,73.1051,29.3,19.22,54.92,5.68
2025-09-11,Kolhapur,16.6987,74.5558,38.22,0.32,89.99,4.04
2025-08-15,Nashik,18.038,74.7662,35.7,8.46,61.01,5.35
2025-04-22,Dhule,19.3481,73.4105,30.91,3.24,71.04,3.89
2025-04-09,Ahmednagar,16.8106,73.5917,31.15,10.94,50.79,3.09
2025-06-02,Satara,16.5255,74.2313,31.61,29.64,66.64,4.28
2025-12-15,Jalgaon,20.7169,75.6659,25.8,5.17,91.39,5.46
2025-12-04,Satara,20.1987,74.7748,28.43,1.06,41.12,6.59
2025-07-13,Jalgaon,20.1413,75.2327,29.87,8.5,98.0,5.3
2025-11-06,Kolhapur,20.4799,76.4481,26.37,5.33,34.17,6.61
2025-06-12,Jalgaon,19.6502,75.688,22.17,1.52,53.26,6.17
2025-07-27,Pune,16.9698,74.5203,25.67,12.59,46.95,3.65
2025-06-18,Dhule,18.296,74.5625,22.06,2.51,57.1,6.16
2025-06-10,Dhule,19.7542,75.1657,27.32,10.28,46.72,6.2
2025-03-09,Pune,17.7615,75.3288,18.1,2.52,45.36,7.81
2025-10-16,Solapur,19.5933,74.7525,28.71,1.11,40.64,5.82
2025-10-04,Kolhapur,16.6102,75.257,18.84,14.1,73.59,3.35
2025-10-31,Solapur,17.8776,73.0824,24.98,8.6,57.72,4.37
2025-05-15,Solapur,18.9711,74.5037,29.52,1.63,53.01,2.42
2025-07-14,Satara,19.3444,73.9763,30.96,5.38,67.08,5.97
2025-05-08,Aurangabad,19.0967,73.4521,30.36,16.79,35.1,7.68
2025-02-02,Satara,19.6399,73.3484,28.6,0.24,67.51,1.61
2025-06-25,Aurangabad,16.5274,75.1112,21.4,24.13,60.31,7.74
2025-01-22,Ahmednagar,16.9542,74.8326,31.9,9.31,60.87,5.95
2025-08-26,Jalgaon,20.4102,73.8875,21.52,6.63,,3.59
2025-06-07,Aurangabad,19.5679,74.6483,32.47,13.88,91.58,5.59
2025-02-07,Pune,17.0082,74.7228,30.14,14.85,67.81,3.63
2025-08-18,Satara,20.2893,73.6825,33.79,0.74,58.4,5.86
2025-12-31,Kolhapur,17.59,75.2823,27.12,4.68,40.71,5.3
2025-02-20,Jalgaon,18.6522,75.7332,22.91,4.44,20.0,5.69
2025-09-21,Ahmednagar,17.1534,75.7701,20.54,8.83,64.3,3.82
2025-10-10,Aurangabad,19.6955,75.1086,21.09,29.88,,4.04
2025-01-27,Ahmednagar,19.5008,74.7907,18.82,6.61,20.0,5.95
2025-08-14,Kolhapur,17.45,73.2135,31.71,2.98,55.68,4.45
2025-10-04,Solapur,20.3853,74.0074,32.34,8.6,66.31,5.42
2025-10-13,Dhule,18.3059,73.3265,29.77,4.23,75.4,5.88
2025-04-07,Kolhapur,17.8163,76.3734,26.83,6.58,81.1,4.87
2025-10-11,Sangli,17.1855,73.4728,37.3,8.8,77.76,6.93
2025-11-13,Kolhapur,17.6978,73.5312,,18.59,78.25,4.92
2025-10-31,Ahmednagar,16.5991,76.1135,28.1,3.01,35.57,4.88
2025-05-27,Pune,19.1247,76.3037,26.76,6.3,59.31,4.25
2025-01-04,Satara,20.29,75.6804,25.31,5.48,72.44,6.76
2025-02-04,Pune,18.9704,73.0189,30.15,20.31,62.83,4.14
2025-07-11,Ahmednagar,17.4867,73.0047,23.83,15.71,59.21,7.08
2025-02-18,Satara,16.6515,74.3234,23.5,22.91,62.51,5.44
2025-01-17,Sangli,17.4658,73.5019,30.41,11.93,66.42,9.0
2025-06-21,Dhule,18.3725,73.0644,24.51,2.53,60.62,4.21
2025-08-08,Jalgaon,19.9183,74.6242,27.67,9.35,46.77,7.11
2025-06-07,Ahmednagar,17.3453,76.3007,25.29,6.57,31.35,5.97
2025-02-15,Aurangabad,19.7391,74.1334,26.94,6.04,58.33,4.43
2025-01-06,Ahmednagar,20.4012,75.314,23.63,9.13,63.03,5.99
2025-04-09,Ahmednagar,18.5428,75.2828,23.8,2.43,62.84,5.91
2025-08-21,Satara,20.1964,73.8788,22.9,2.14,79.15,4.7
2025-02-06,Nashik,18.996,75.2765,31.22,19.9,82.35,5.84
2025-10-07,Kolhapur,19.3669,73.7432,27.86,1.89,60.13,6.95
2025-12-15,Nashik,18.8683,73.427,31.59,5.95,60.26,5.97
2025-10-29,Sangli,18.5843,75.4548,32.13,34.14,72.32,4.57
2025-06-30,Aurangabad,17.5559,73.397,24.7,15.24,69.68,4.49
2025-04-05,Dhule,17.8644,76.4892,31.41,1.22,54.03,5.07
2025-04-09,Solapur,17.8049,73.6421,26.93,21.83,73.86,6.87
2025-07-07,Sangli,19.0348,75.0795,26.21,17.52,59.37,4.07
2025-04-26,Solapur,17.0398,74.4398,33.26,13.41,59.75,5.79
2025-07-10,Solapur,20.6256,73.4424,29.77,14.72,69.81,2.86
2025-09-10,Dhule,19.7429,73.0975,25.24,2.62,56.58,6.09
2025-06-10,Pune,18.3065,75.1796,,15.88,63.7,6.33
2025-09-13,Nashik,17.2138,75.8237,20.67,27.11,67.36,8.24
2025-11-19,Ahmednagar,20.469,75.9471,28.24,5.54,76.71,6.59
2025-05-08,Jalgaon,20.207,74.6895,19.5,4.66,75.47,4.6
2025-01-18,Solapur,19.7477,75.7211,22.08,5.3,66.81,2.9
2025-10-08,Aurangabad,17.722,75.355,29.92,13.22,20.0,5.97
2025-08-11,Sangli,18.311,75.5349,13.65,15.15,66.38,4.71
2025-02-23,Pune,16.9624,74.7241,36.01,3.24,69.16,5.7
2025-02-27,Solapur,17.3507,75.2169,31.17,0.26,72.82,4.12
2025-11-19,Pune,20.0236,75.8193,17.81,3.76,44.79,4.94
2025-12-26,Pune,19.7177,74.3926,38.99,3.84,23.8,2.65
2025-06-23,Solapur,19.1707,75.8209,40.37,15.19,76.51,3.63
2025-10-07,Satara,20.5308,75.0721,26.1,12.09,39.96,3.42
2025-04-24,Kolhapur,19.1247,73.5807,22.37,9.03,84.0,6.51
2025-10-15,Aurangabad,18.6014,73.0864,35.43,7.8,51.58,3.96
2025-12-08,Ahmednagar,18.0317,74.2696,25.28,10.41,43.51,7.27
2025-05-31,Ahmednagar,20.732,74.9134,27.81,17.83,68.29,3.97
2025-05-07,Aurangabad,16.8722,75.9394,33.09,16.05,73.09,8.34
2025-06-04,Satara,20.689,73.4462,26.23,3.14,72.02,2.28
2025-09-30,Ahmednagar,20.2202,75.8007,25.79,5.93,71.03,5.84
2025-04-14,Pune,17.0847,76.0205,20.64,4.31,49.26,5.26
2025-10-26,Dhule,19.0424,73.5274,23.85,8.2,34.52,3.38
2025-09-03,Sangli,20.3995,75.9806,25.7,11.74,54.99,4.37
2025-06-25,Nashik,19.0731,76.4701,20.81,3.21,41.38,4.81
2025-02-08,Ahmednagar,20.5824,75.5439,21.26,15.26,69.79,5.57
2025-06-19,Aurangabad,20.7434,75.7467,27.17,2.58,77.74,3.8
2025-09-04,Dhule,18.4007,76.4805,17.75,1.28,65.11,5.84
2025-01-26,Solapur,18.1979,75.1192,22.6,2.49,61.98,5.38
2025-12-21,Kolhapur,20.7134,74.0776,36.72,13.46,56.41,6.37
2025-11-02,Aurangabad,19.5381,75.9314,25.27,0.6,79.65,3.91
2025-01-13,Pune,17.0221,75.1507,24.65,23.78,29.05,4.59
2025-11-12,Kolhapur,16.6903,75.0342,25.25,10.49,40.29,7.36
2025-11-09,Sangli,19.0408,73.8877,25.33,11.61,94.88,3.84
2025-02-05,Sangli,20.6858,75.6472,29.87,3.1,39.41,3.11
2025-06-22,Satara,20.2991,73.2858,29.52,7.31,71.56,4.25
2025-01-20,Jalgaon,19.5413,76.235,25.05,14.44,75.26,2.54
2025-11-17,Satara,17.126,74.1404,25.93,12.63,27.33,7.71
2025-09-21,Dhule,17.644,73.4472,33.56,3.82,30.78,4.78
2025-05-22,Kolhapur,20.4398,74.5483,19.45,29.7,84.76,4.79
2025-05-23,Jalgaon,17.3226,73.1486,26.71,8.97,44.49,6.31
2025-04-02,Solapur,17.753,75.3962,27.68,13.29,44.98,4.11
2025-12-20,Pune,17.0832,76.1595,23.12,11.32,52.62,4.88
2025-11-18,Kolhapur,19.5425,75.9304,26.42,1.54,44.53,4.07
2025-10-15,Satara,20.7479,73.4458,22.44,5.68,71.47,2.57
2025-08-03,Nashik,17.7104,73.4419,30.19,1.79,40.72,5.28
2025-12-08,Jalgaon,18.6393,75.847,20.31,13.26,26.62,6.74
2025-02-20,Jalgaon,19.3545,76.2349,32.31,3.59,82.81,5.32
2025-06-02,Pune,20.9976,74.6123,26.63,10.32,41.61,6.58
2025-07-05,Ahmednagar,16.9716,74.7464,24.76,3.0,48.46,3.56
2025-03-04,Sangli,18.7436,74.1139,21.98,10.75,76.94,4.07
2025-07-09,Sangli,18.233,76.1299,32.15,0.38,63.26,3.26
2025-05-05,Nashik,20.3962,75.2572,23.74,20.81,82.02,5.75
2025-05-30,Dhule,18.6419,74.0089,21.16,3.28,77.21,4.72
2025-11-10,Dhule,16.9994,74.0457,32.26,24.64,53.84,4.67
2025-02-27,Solapur,19.3549,76.1192,22.48,2.74,80.39,6.2
2025-12-08,Kolhapur,19.9685,73.0477,26.53,2.63,65.02,4.49
2025-11-01,Aurangabad,16.513,74.1295,31.09,1.6,51.23,6.82
2025-06-29,Ahmednagar,20.3653,74.9402,27.79,8.36,67.23,5.55
2025-06-19,Satara,17.3371,73.5188,35.65,25.17,38.43,4.65
2025-11-22,Aurangabad,18.9843,73.3223,22.83,3.6,77.01,2.87
2025-09-28,Aurangabad,18.3711,75.8535,25.95,12.42,74.67,6.19
2025-02-23,Jalgaon,19.7384,76.1304,26.33,13.56,64.17,5.62
2025-04-11,Nashik,18.1702,75.8826,30.11,0.97,27.47,5.7
2025-09-21,Sangli,20.4139,76.1458,33.44,4.82,82.78,5.74
2025-02-22,Solapur,19.7872,74.9359,27.37,9.36,69.87,4.41
2025-03-01,Dhule,19.4147,75.8429,26.31,4.45,61.59,4.97
2025-04-18,Nashik,20.0831,74.3441,19.59,20.15,58.75,4.51
2025-01-05,Jalgaon,19.8931,75.3319,27.56,2.37,52.34,7.08
2025-04-13,Satara,16.6617,76.4609,23.75,10.62,55.8,4.79
2025-07-15,Solapur,18.2763,73.79,30.09,2.72,75.85,4.27
2025-09-19,Jalgaon,20.6886,74.3646,24.95,4.88,52.7,7.18
2025-12-31,Sangli,17.0658,74.6802,25.8,7.1,57.06,7.01
2025-12-16,Sangli,19.8169,73.4831,19.7,3.77,59.7,5.55
2025-02-16,Sangli,20.8857,73.2836,17.94,24.54,60.2,5.01
2025-12-21,Nashik,16.7349,75.904,36.3,6.05,50.88,4.63
2025-11-07,Nashik,19.5699,76.4188,27.65,25.81,58.94,5.13
2025-11-04,Dhule,18.6067,74.4165,29.02,16.43,68.18,3.89
2025-05-24,Dhule,19.1063,73.3068,22.44,0.35,45.71,5.93
2025-09-26,Satara,16.884,73.2303,31.38,0.64,59.02,7.68
2025-05-04,Solapur,16.6935,76.1196,30.48,3.19,96.76,6.04
2025-04-16,Pune,19.5009,74.6233,22.99,9.83,60.86,3.55
2025-06-07,Pune,20.2049,74.1201,21.7,1.05,45.25,5.88
2025-05-27,Jalgaon,20.0191,74.6676,23.34,3.01,43.15,5.49
2025-05-25,Sangli,18.9471,74.1141,26.86,6.9,39.23,5.87
2025-04-30,Solapur,16.9494,74.7116,27.84,32.48,91.29,3.97
2025-11-15,Aurangabad,19.5962,76.0084,27.19,13.97,80.14,5.21
2025-10-02,Nashik,17.5885,75.0731,33.49,31.12,38.79,6.52
2025-04-02,Kolhapur,20.5998,75.4313,23.43,8.91,65.85,3.6
2025-02-27,Ahmednagar,20.2722,74.2763,21.57,7.89,84.05,4.53
2025-12-12,Satara,19.6922,75.5848,27.0,6.06,61.27,4.77
2025-08-17,Sangli,20.7698,75.3332,18.53,7.67,53.15,6.7
2025-04-27,Sangli,16.6414,73.4185,30.48,1.48,98.0,6.92
2025-11-14,Sangli,19.8129,75.0042,27.49,12.03,27.7,2.33
2025-10-06,Nashik,17.9861,73.8986,25.31,4.62,98.0,6.7
2025-05-07,Nashik,20.5773,75.8143,25.03,4.98,63.08,6.97
2025-05-09,Ahmednagar,17.7,74.4908,31.55,3.04,85.23,6.87
2025-02-27,Aurangabad,19.7619,76.4814,31.39,1.38,40.39,4.41
2025-05-02,Solapur,20.4494,73.3238,25.77,3.31,48.94,4.86
2025-01-01,Sangli,16.6875,75.7312,29.96,1.57,42.56,2.85
2025-08-27,Pune,18.2894,75.358,31.32,10.46,60.18,2.06
2025-10-17,Dhule,19.9304,75.6862,28.68,2.64,67.54,4.66
2025-04-06,Pune,18.5471,74.0764,25.97,20.96,81.2,5.31
2025-05-06,Jalgaon,17.7026,74.7222,28.91,2.83,31.19,5.47
2025-04-28,Pune,17.4891,75.7878,21.8,31.26,64.82,6.43
2025-02-17,Jalgaon,17.0918,73.8139,27.36,13.15,78.11,9.0
2025-03-30,Kolhapur,20.3571,73.7911,25.83,5.41,81.48,4.61
2025-08-25,Dhule,19.0891,74.9287,25.05,2.1,54.07,3.62
2025-09-29,Pune,16.8437,74.8325,18.37,6.58,54.29,6.02
2025-07-08,Kolhapur,18.2216,73.9879,21.86,13.11,60.34,5.53
2025-07-11,Satara,18.1548,74.0433,24.57,9.31,65.35,4.34
2025-03-10,Solapur,17.3178,73.9725,31.48,11.32,85.45,6.57
2025-10-05,Kolhapur,18.4598,75.7003,28.43,9.5,40.22,3.98
2025-12-15,Solapur,17.9944,75.2817,31.7,8.22,47.85,5.01
2025-09-04,Pune,18.0381,75.9135,33.21,2.63,38.03,5.09
2025-03-17,Aurangabad,19.8256,76.4142,28.65,1.23,69.7,3.78
2025-06-03,Kolhapur,17.5047,74.6596,27.7,9.24,81.82,2.64
2025-05-24,Dhule,19.3884,73.2334,22.14,0.19,36.42,5.53
2025-03-27,Pune,19.0679,73.1683,36.93,4.51,63.6,7.25
2025-07-04,Sangli,19.0564,74.0348,19.91,20.03,80.52,6.64
2025-10-12,Nashik,19.4835,76.2639,27.59,1.12,76.12,6.74
2025-08-08,Kolhapur,18.9677,74.8312,31.16,1.65,75.91,4.0
2025-03-10,Dhule,20.4566,73.9513,31.23,23.41,40.58,5.52
2025-02-16,Satara,19.5401,74.3971,21.22,21.69,75.85,3.06
2025-04-04,Sangli,18.9613,75.0951,24.9,3.91,58.65,5.45
2025-08-26,Satara,20.2339,75.2853,23.01,3.13,81.26,7.28
2025-07-23,Pune,19.2277,73.5387,17.1,2.67,70.08,7.33
2025-08-06,Nashik,17.8101,76.4196,27.65,5.37,47.32,8.25
2025-12-07,Kolhapur,17.4319,74.9067,23.41,5.57,67.02,6.68
2025-02-08,Kolhapur,17.1855,73.4749,34.53,4.73,76.73,5.91
2025-04-10,Aurangabad,20.5475,76.1277,30.08,6.69,52.89,6.51
2025-10-16,Aurangabad,19.6956,73.2612,27.21,6.3,64.32,6.22
2025-09-11,Pune,20.7182,76.1771,24.64,22.64,37.94,3.99
2025-08-10,Pune,19.2148,76.488,27.58,6.32,71.88,2.93
2025-12-23,Nashik,18.6303,75.4515,25.72,1.5,60.99,6.52
2025-01-23,Aurangabad,16.7687,75.6966,27.35,6.82,78.45,8.34
2025-09-07,Dhule,19.5224,74.1806,36.51,9.52,71.38,6.59
2025-01-10,Dhule,19.1199,76.2955,21.68,1.75,54.67,2.37
2025-09-03,Nashik,20.9559,74.854,26.16,11.77,46.77,4.42
2025-11-21,Dhule,17.5762,75.5634,30.53,12.03,42.62,4.9
2025-04-10,Jalgaon,18.8883,76.2344,25.0,13.5,52.87,2.42
2025-10-17,Solapur,19.4293,76.4131,34.9,9.43,77.97,3.13
2025-06-29,Nashik,19.4007,75.9162,30.39,5.94,30.39,5.14
2025-08-11,Nashik,19.0258,74.0606,23.41,7.69,43.36,5.59
2025-09-07,Ahmednagar,19.9962,76.3829,28.02,1.91,77.46,3.72
2025-05-27,Sangli,17.4224,75.1984,23.48,13.13,85.92,3.07
2025-04-06,Sangli,19.7653,76.2572,23.02,0.52,44.3,6.99
2025-09-14,Jalgaon,19.2888,75.3664,26.3,7.59,43.16,4.63
2025-11-21,Aurangabad,20.5323,74.0753,33.32,14.09,87.33,4.84
2025-01-04,Pune,20.3124,74.2951,,13.04,59.78,4.38
2025-01-16,Pune,17.9182,74.9267,26.89,16.64,45.9,4.04
2025-10-07,Satara,17.7431,75.7651,30.91,10.05,80.8,7.15
2025-12-02,Jalgaon,20.9174,74.1129,28.34,2.91,71.06,3.88
2025-09-04,Nashik,18.8727,75.0291,21.15,5.56,75.26,5.47
2025-09-15,Jalgaon,20.5789,74.2097,26.27,11.96,46.84,5.21
2025-06-09,Jalgaon,17.2375,75.8552,26.63,0.14,68.75,2.28
2025-12-06,Jalgaon,19.3927,74.6335,30.81,20.4,84.43,5.56
2025-06-01,Sangli,20.1444,73.2685,24.17,17.66,73.53,2.88
2025-06-27,Jalgaon,20.7633,73.5812,22.44,1.75,78.56,6.15
2025-06-12,Solapur,18.018,73.2139,26.77,5.57,87.26,3.42
2025-02-02,Pune,19.7624,74.7476,23.77,2.45,69.7,5.98
2025-06-28,Satara,18.9247,73.3722,25.38,3.67,51.83,4.56
2025-04-11,Solapur,16.7728,73.3995,26.6,1.31,77.79,4.19
2025-09-25,Satara,19.605,76.2937,25.08,9.13,42.1,5.52
2025-11-19,Ahmednagar,19.6054,76.0543,31.82,11.58,58.0,2.99
2025-03-06,Satara,20.6877,74.5823,34.07,6.41,72.59,5.1
2025-06-17,Pune,18.7379,76.4503,31.31,12.83,20.0,6.37
2025-11-26,Pune,17.5361,73.0007,18.14,11.38,66.54,6.76
2025-02-12,Jalgaon,16.7005,75.1489,23.79,24.45,67.39,4.51
2025-02-13,Kolhapur,18.3704,75.1575,26.11,16.06,41.55,4.73
2025-10-12,Ahmednagar,17.8586,74.6011,17.77,5.84,67.87,2.96
2025-01-12,Nashik,19.9249,74.3893,22.62,18.83,65.42,4.07
2025-04-05,Dhule,18.0942,74.5938,26.04,16.05,62.61,2.86
2025-10-29,Satara,20.7708,74.4524,24.76,26.7,83.41,5.86
2025-09-10,Kolhapur,20.8304,75.5567,27.04,1.72,77.82,6.46
2025-08-30,Jalgaon,19.2941,73.4737,20.1,1.96,73.52,4.52
2025-02-04,Sangli,20.679,73.6917,24.7,1.1,43.56,3.61
2025-08-03,Nashik,19.9238,73.6318,27.76,1.39,61.69,5.66
2025-12-03,Aurangabad,18.9609,73.9186,27.05,8.83,83.32,3.9
2025-03-31,Kolhapur,17.3114,74.8384,29.23,20.89,58.14,6.21
2025-09-21,Sangli,18.5637,73.3892,28.94,5.16,89.98,8.1
2025-04-03,Ahmednagar,19.0239,76.0386,24.96,0.26,74.05,3.87
2025-03-31,Jalgaon,20.3878,74.0408,27.6,17.61,92.77,4.09
2025-04-25,Nashik,18.666,73.5689,23.0,0.79,42.79,3.01
2025-04-15,Nashik,20.5395,75.3647,25.65,1.69,59.22,5.42
2025-07-15,Nashik,19.5346,73.1333,21.72,17.96,60.92,5.32
2025-11-10,Ahmednagar,17.1165,75.1699,32.33,4.09,72.91,4.79
2025-04-24,Satara,20.9774,75.4437,25.63,9.58,48.71,5.22
2025-03-16,Aurangabad,18.8725,73.7522,32.32,4.73,33.06,3.63
2025-08-05,Ahmednagar,18.2634,73.1469,28.56,13.71,68.81,2.71
2025-10-04,Dhule,19.466,74.2728,22.57,3.8,55.4,4.06
2025-09-06,Aurangabad,16.99,73.3451,28.26,23.44,53.53,2.33
2025-06-13,Pune,19.3644,73.4077,31.05,4.36,49.53,3.87
2025-12-23,Jalgaon,18.7421,73.8899,26.61,6.25,64.23,5.66
2025-07-11,Ahmednagar,18.33,74.0341,27.37,16.0,42.62,5.29
2025-08-15,Sangli,20.7886,74.8549,24.24,20.39,58.5,2.54
2025-06-26,Aurangabad,18.8514,75.3744,27.12,7.41,,6.77
2025-04-09,Dhule,17.486,75.0747,28.19,3.12,51.03,4.91
2025-02-05,Pune,18.5653,73.5193,24.11,1.62,,3.25
2025-04-06,Satara,20.6372,73.6023,21.6,2.55,73.73,4.65
2025-06-01,Sangli,17.2924,76.0757,33.44,22.8,56.49,4.33
2025-05-31,Aurangabad,17.4628,74.9542,30.02,14.8,79.42,3.9
2025-07-09,Jalgaon,16.5586,76.0448,24.26,2.51,44.49,6.42
2025-08-12,Sangli,16.5639,74.3004,28.1,12.8,34.64,3.54
2025-02-06,Pune,20.2323,75.1504,19.61,15.41,37.95,5.48
2025-09-25,Sangli,19.7946,74.8328,17.11,18.99,42.64,3.19
2025-07-02,Solapur,18.0977,74.1169,32.42,10.77,38.37,5.14
2025-01-13,Kolhapur,19.6424,74.6447,28.15,7.99,98.0,5.6
2025-10-06,Satara,18.2784,74.7587,26.76,10.55,34.1,5.6
2025-08-05,Pune,20.788,73.7027,28.16,7.71,78.87,5.32
2025-12-21,Sangli,20.8517,74.1025,43.13,9.06,61.55,4.84
2025-12-27,Kolhapur,18.2676,75.7699,31.35,11.17,66.04,3.6
2025-10-13,Kolhapur,20.344,76.2053,21.77,3.7,45.7,3.62
2025-09-30,Sangli,19.9789,74.2593,18.6,10.68,67.86,5.65
2025-03-03,Jalgaon,17.895,74.0744,32.27,5.59,45.55,3.31
2025-03-25,Solapur,17.5442,73.6832,31.28,2.04,78.61,2.96
2025-08-05,Ahmednagar,18.5621,75.3747,29.88,10.22,80.1,7.34
2025-12-08,Solapur,20.0161,74.1308,22.94,3.69,59.57,4.81
2025-07-06,Sangli,20.8208,76.4571,28.82,4.33,60.75,6.15
2025-01-19,Satara,19.9361,74.1399,23.38,13.57,69.79,6.51
2025-06-26,Ahmednagar,20.3484,74.3795,30.31,8.17,68.87,5.28
2025-04-10,Pune,19.2138,75.1117,31.91,18.36,80.43,4.63
2025-08-21,Solapur,20.2593,75.8059,24.28,21.04,79.93,4.66
2025-03-17,Sangli,20.0299,74.6433,,18.52,61.48,7.61
2025-09-22,Solapur,18.1964,74.4793,27.57,9.33,53.41,4.36
2025-10-11,Ahmednagar,18.984,76.4847,29.46,6.31,76.61,5.46
2025-07-25,Dhule,20.1214,73.0367,20.45,19.28,59.19,6.22
2025-08-11,Aurangabad,16.7073,76.1327,28.16,5.86,64.05,5.58
2025-02-21,Solapur,20.1364,73.522,23.62,3.84,71.55,6.83
2025-12-05,Pune,17.3005,75.7507,29.37,6.64,79.56,4.62
2025-05-24,Pune,18.8161,75.1628,34.34,1.16,66.7,6.21
2025-03-10,Nashik,20.1372,74.1965,28.45,6.7,51.43,2.51
2025-04-09,Solapur,17.6422,76.0586,22.5,1.88,94.35,7.22
2025-01-25,Aurangabad,17.6061,73.0452,30.13,0.85,89.55,6.88
2025-02-22,Jalgaon,18.3124,73.7934,29.01,0.78,43.68,4.74
2025-05-31,Kolhapur,20.5259,74.9841,37.29,0.42,45.59,5.86
2025-05-24,Aurangabad,16.502,74.2304,28.27,3.56,47.85,6.54
2025-02-26,Kolhapur,20.5562,75.1363,24.07,2.38,77.27,3.64
2025-02-08,Kolhapur,17.1921,73.0844,,17.91,95.03,4.98
2025-04-19,Dhule,20.9554,73.4076,26.36,11.68,52.89,3.24
2025-06-30,Nashik,20.7968,73.4448,27.4,0.41,65.05,6.91
2025-02-11,Aurangabad,18.726,73.6625,22.36,17.12,48.45,6.43
2025-07-05,Aurangabad,18.8072,74.6077,26.39,3.49,92.6,4.78
2025-08-11,Dhule,18.667,75.6325,27.15,5.63,76.85,4.6
2025-05-02,Solapur,19.3595,76.1694,26.36,0.18,47.16,4.98
2025-05-13,Solapur,16.9082,75.9238,24.05,15.6,24.16,3.85
2025-06-12,Solapur,16.6468,73.6891,28.44,2.21,80.68,4.94
2025-08-03,Satara,16.7597,74.544,22.38,30.84,51.7,3.64
2025-08-09,Kolhapur,18.4996,73.6979,21.21,3.05,77.17,6.55
2025-08-23,Satara,17.74,73.9257,30.55,16.58,67.29,6.91
2025-11-27,Nashik,19.2992,74.7624,30.09,1.8,28.98,6.62
2025-05-26,Dhule,20.966,73.2384,20.46,3.23,47.48,3.41
2025-08-27,Aurangabad,18.2385,73.7636,17.85,3.98,55.63,4.89
2025-03-17,Kolhapur,19.0823,76.2738,21.96,2.22,49.84,6.08
2025-01-09,Satara,18.3702,74.6314,26.36,1.3,64.09,6.35
2025-03-15,Satara,20.3127,74.5589,32.77,3.69,69.22,2.44
2025-09-10,Sangli,20.5601,73.051,26.24,4.14,94.21,6.31
2025-08-18,Satara,20.4481,73.8659,23.15,10.08,70.5,3.34
2025-01-07,Jalgaon,20.8847,76.032,27.74,3.9,88.84,4.97
2025-06-23,Aurangabad,16.6238,73.5762,26.43,2.45,53.42,7.09
2025-05-21,Jalgaon,20.2792,74.4529,20.09,4.15,82.97,6.88
2025-06-17,Aurangabad,19.883,73.0502,20.12,1.19,55.14,7.19
2025-06-19,Dhule,17.5291,74.6742,20.26,0.41,45.49,3.6
2025-10-10,Aurangabad,20.8034,73.0736,39.4,13.56,44.73,3.97
2025-05-02,Jalgaon,17.1668,75.8686,31.3,11.86,20.0,4.36
2025-07-13,Aurangabad,19.558,75.887,24.03,3.0,77.37,4.98
2025-01-05,Dhule,17.512,75.7571,32.54,8.63,38.78,5.53
2025-01-29,Dhule,18.4412,73.9918,24.16,0.75,87.35,7.12
2025-06-14,Nashik,19.7362,75.9303,32.38,1.5,58.86,3.81
2025-12-05,Aurangabad,19.035,74.9005,27.4,5.44,34.01,4.26
2025-05-16,Sangli,18.4238,74.3083,23.71,15.1,41.88,7.34
2025-12-31,Solapur,17.9685,75.1887,30.4,40.12,65.43,3.46
2025-11-17,Pune,20.2785,73.0432,27.69,8.34,28.16,6.29
2025-12-08,Dhule,17.1472,73.5004,28.99,8.83,72.62,5.07
2025-05-25,Ahmednagar,18.4355,75.598,28.08,7.23,34.71,5.78
2025-11-23,Solapur,20.5669,73.8546,28.03,3.47,48.7,3.98
2025-08-05,Kolhapur,20.3063,75.093,31.0,19.0,65.58,6.26
2025-10-28,Aurangabad,18.3042,74.3479,39.92,5.54,70.42,4.22
2025-05-12,Jalgaon,19.934,75.9918,33.24,12.88,76.36,3.07
2025-10-19,Pune,20.2042,76.3335,28.1,7.55,38.48,5.92
2025-03-11,Ahmednagar,20.5,76.0925,25.45,1.08,56.45,1.45
2025-09-09,Solapur,18.9503,73.9472,,0.67,81.67,4.35
2025-10-02,Aurangabad,17.4201,73.6796,20.72,5.54,56.45,5.64
2025-12-30,Nashik,17.6489,74.6605,30.32,0.43,,6.34
2025-07-01,Kolhapur,17.8306,73.0257,21.93,27.3,64.92,7.04
2025-06-16,Pune,19.1721,73.0903,25.14,6.93,85.42,7.87
2025-04-01,Sangli,16.6476,74.9365,30.35,12.13,53.61,7.41
2025-07-21,Nashik,19.3622,74.8216,25.81,16.77,36.98,5.49
2025-12-12,Ahmednagar,18.1396,76.481,24.54,6.56,44.58,6.89
2025-01-19,Pune,17.8286,73.7064,21.01,10.97,65.4,5.46
2025-02-08,Nashik,20.4577,73.9034,33.03,6.83,33.75,6.23
2025-05-06,Kolhapur,18.57,73.3974,22.83,6.27,52.2,4.3
2025-06-22,Sangli,16.9277,76.2114,24.07,7.16,63.36,5.89
2025-05-21,Nashik,20.2204,75.7223,18.04,60.62,48.2,4.49
2025-08-30,Satara,16.7144,75.8782,26.9,14.79,67.88,4.94
2025-08-08,Sangli,19.7704,76.1597,25.33,49.53,75.04,5.9
2025-05-06,Ahmednagar,19.9826,74.8371,27.91,6.87,70.19,8.34
2025-02-27,Kolhapur,18.0867,74.5792,21.13,27.04,34.14,5.79
2025-05-28,Aurangabad,20.2115,74.1564,30.67,2.14,63.43,5.18
2025-11-13,Jalgaon,18.8205,75.0623,17.8,15.86,64.83,3.95
2025-12-27,Jalgaon,18.5848,74.59,26.54,0.55,55.14,6.54
2025-01-01,Jalgaon,16.7043,74.5805,27.58,3.37,67.64,4.7
2025-12-14,Pune,17.8051,76.2792,27.29,5.75,66.99,5.76
2025-07-09,Ahmednagar,20.6895,76.4441,27.79,3.53,60.36,6.25
2025-07-10,Kolhapur,18.2632,75.7877,30.94,21.37,43.92,7.1
2025-11-08,Sangli,18.9602,75.6487,33.62,14.26,61.52,6.46
2025-04-27,Pune,18.8941,75.382,26.22,1.59,95.6,3.36
2025-05-14,Ahmednagar,19.1569,73.5813,22.16,13.11,54.94,2.62
2025-02-27,Aurangabad,16.776,73.2069,29.8,14.79,80.85,6.25
2025-02-13,Satara,18.1298,75.4175,25.6,11.61,62.7,5.33
2025-06-22,Kolhapur,19.7541,75.5508,33.32,10.77,47.59,5.79
2025-06-09,Jalgaon,17.4025,73.1644,23.99,5.13,56.66,7.78
2025-06-22,Nashik,17.4161,76.2482,22.71,18.21,61.7,4.28
2025-11-13,Kolhapur,16.5454,73.319,27.72,16.54,73.79,7.14
2025-10-30,Dhule,18.4687,74.0007,18.3,25.32,98.0,4.29
2025-05-29,Ahmednagar,20.4723,75.3534,24.66,19.11,62.98,7.55
2025-03-21,Solapur,16.7336,73.5946,25.35,1.43,39.84,6.33
2025-08-01,Aurangabad,17.36,73.194,28.1,5.24,32.22,2.94
2025-07-22,Satara,17.8954,74.159,22.02,1.73,54.41,4.57
2025-09-09,Aurangabad,19.7928,75.6809,22.6,2.53,41.69,8.07
2025-08-17,Kolhapur,19.3829,74.4479,32.78,3.84,72.04,7.89
2025-06-13,Solapur,18.3717,75.2854,26.93,22.85,72.17,6.11
2025-08-15,Dhule,19.9158,75.0287,31.32,12.59,59.37,5.73
2025-05-27,Sangli,19.2433,73.0778,24.29,17.52,73.83,5.56
2025-01-20,Nashik,20.5322,76.4599,26.73,15.36,63.17,5.86
2025-02-16,Solapur,20.1811,73.145,28.07,4.13,95.62,4.99
2025-08-21,Ahmednagar,17.6377,76.3873,35.74,18.18,73.27,7.02
2025-11-01,Jalgaon,17.7215,74.9245,25.91,3.66,78.12,6.07
2025-01-14,Dhule,17.0641,76.3711,26.17,26.24,35.93,3.75
2025-05-23,Nashik,18.0163,73.4016,32.49,3.28,40.92,6.18
2025-01-01,Satara,20.9979,74.7164,25.1,14.31,70.62,5.45
2025-02-23,Jalgaon,18.3259,73.5933,28.42,9.13,34.11,4.73
2025-09-16,Kolhapur,17.4922,73.1784,32.05,3.57,50.76,8.05
2025-05-24,Solapur,19.9312,75.1614,24.12,6.85,83.23,5.36
2025-01-12,Nashik,18.9411,73.7272,28.7,2.65,50.37,2.26
2025-11-26,Pune,17.1732,75.0569,35.73,4.83,40.22,4.84
2025-08-12,Sangli,18.2131,73.3933,31.61,18.73,74.02,6.69
2025-09-29,Sangli,18.3651,74.162,28.42,3.72,98.0,3.81
2025-12-24,Dhule,19.8922,75.7357,25.88,0.52,47.44,6.64
2025-06-05,Satara,16.593,74.5297,23.98,0.08,84.03,3.7
2025-01-08,Dhule,17.7106,75.1971,22.06,6.34,45.2,7.21
2025-05-02,Pune,18.8292,75.2661,34.55,6.44,59.98,4.34
2025-12-14,Ahmednagar,17.7098,75.9531,33.58,42.77,60.76,4.67
2025-06-13,Satara,19.328,74.1372,23.71,8.26,47.92,4.56
2025-03-31,Aurangabad,18.6684,75.4055,28.69,6.94,77.76,6.1
2025-05-16,Ahmednagar,18.1277,76.3657,27.56,4.17,34.29,7.97
2025-07-05,Satara,20.7714,75.5559,32.92,6.61,65.51,5.22
2025-11-12,Satara,19.3447,74.7145,28.91,26.9,81.33,5.18
2025-06-27,Pune,17.0847,75.2075,26.89,26.84,76.26,4.34
2025-01-28,Kolhapur,19.0204,75.5889,24.29,9.68,70.84,2.76
2025-08-08,Pune,20.0133,75.143,28.7,1.25,90.54,4.49
2025-12-23,Satara,19.6882,73.0584,25.26,7.52,58.05,3.31
2025-02-10,Nashik,17.2744,73.6817,28.1,0.71,34.55,2.37
2025-08-16,Ahmednagar,20.8759,75.8366,,15.63,64.43,5.08
2025-07-11,Pune,18.5197,73.9543,25.14,4.27,59.74,4.39
2025-05-25,Kolhapur,17.2156,75.5605,22.14,0.21,23.92,7.26
2025-07-20,Solapur,17.3109,74.3024,29.57,2.72,41.75,3.92
2025-07-31,Dhule,16.9421,74.8266,27.21,10.54,39.45,6.21
2025-08-08,Satara,20.1158,73.2379,35.94,20.55,47.34,6.18
2025-08-28,Aurangabad,17.0491,73.6343,21.84,7.88,55.68,7.21
2025-02-15,Solapur,17.0631,76.3502,30.13,13.21,56.37,4.92
2025-02-04,Sangli,20.3271,76.1155,26.59,19.14,47.98,7.18
2025-09-10,Jalgaon,18.0507,75.283,37.5,12.52,39.43,6.04
2025-03-23,Kolhapur,16.6389,74.6088,29.74,12.88,68.79,6.91
2025-09-13,Aurangabad,16.7335,75.3652,28.62,5.59,64.1,8.79
2025-07-16,Jalgaon,17.1398,75.1651,26.6,7.11,,5.02
2025-10-30,Kolhapur,17.4603,74.9899,23.48,7.33,94.02,5.46
2025-01-10,Nashik,19.4932,73.2071,28.56,0.94,64.93,4.66
2025-11-08,Dhule,17.208,75.2148,20.09,7.25,55.4,7.51
2025-10-13,Solapur,17.0349,75.6912,20.32,2.85,60.1,9.0
2025-08-30,Ahmednagar,19.9412,76.4793,32.06,6.13,63.78,6.3
2025-09-08,Kolhapur,19.5197,73.0388,18.19,14.78,73.08,2.78
2025-12-31,Ahmednagar,18.459,75.5556,25.4,2.29,61.2,3.88
2025-01-05,Dhule,18.9719,75.0013,21.75,8.84,27.03,6.94
2025-04-29,Satara,17.9039,74.5192,24.99,10.99,54.14,3.48
2025-10-16,Sangli,18.6713,73.4465,27.92,11.87,62.03,4.3
2025-03-06,Solapur,18.78,74.4318,31.92,4.12,85.48,4.25
2025-05-26,Dhule,18.2426,74.2403,33.09,11.32,47.85,5.08
2025-08-12,Dhule,20.5796,74.0599,22.41,23.13,32.57,5.59
2025-08-27,Nashik,16.5723,75.5581,24.67,15.72,63.16,2.37
2025-06-26,Jalgaon,20.0198,75.4525,47.26,7.85,77.59,2.91
2025-09-24,Sangli,17.0597,75.0616,25.75,15.01,54.92,2.94
2025-12-07,Solapur,20.089,76.2853,22.59,0.11,98.0,3.12
2025-10-09,Satara,19.2716,74.2245,23.42,13.24,98.0,5.22
2025-03-04,Satara,20.2948,73.8533,25.78,0.2,60.7,5.49
2025-08-05,Pune,16.9388,75.2957,25.04,0.92,65.36,6.72
2025-12-08,Dhule,19.0154,73.6958,25.83,9.58,86.64,6.03
2025-11-11,Kolhapur,18.7549,74.1025,26.89,4.95,60.38,4.33
2025-10-10,Nashik,19.6779,73.7861,26.86,3.08,47.53,5.54
2025-06-26,Sangli,18.9043,73.242,22.22,6.96,78.0,6.78
2025-04-08,Satara,18.9333,75.8962,28.85,2.11,70.36,4.86
2025-04-15,Solapur,18.4332,73.8909,27.61,4.0,47.47,4.73
2025-04-09,Pune,17.8898,74.6556,29.48,11.44,67.02,3.78
2025-11-07,Solapur,18.6702,73.1516,18.43,0.99,59.12,3.99
2025-01-06,Nashik,17.0332,75.4477,27.78,4.84,55.07,6.23
2025-07-16,Kolhapur,20.8268,74.157,17.07,25.05,47.85,5.19
2025-12-17,Pune,19.7148,75.6066,26.12,13.1,64.19,8.14
2025-05-13,Pune,20.7861,74.4434,30.29,10.82,57.21,4.18
2025-12-24,Jalgaon,17.5203,73.6851,32.23,17.24,67.12,6.34
2025-09-16,Sangli,20.457,74.7961,28.67,4.32,76.76,5.78
2025-01-23,Pune,20.1396,73.4568,30.38,17.21,66.17,5.07
2025-02-22,Jalgaon,19.5472,74.5419,25.5,3.64,66.48,4.55
2025-06-14,Jalgaon,19.3126,74.1106,24.45,9.53,52.26,6.1
2025-07-21,Nashik,17.9245,76.1919,,1.75,83.14,6.01
2025-03-24,Ahmednagar,20.1738,73.2133,31.14,24.06,46.73,5.5
2025-05-25,Solapur,18.7568,75.4291,21.14,4.68,32.98,5.84
2025-03-26,Kolhapur,16.819,73.6396,18.33,2.87,42.72,5.25
2025-03-19,Aurangabad,17.9079,74.1167,24.67,12.14,80.62,2.74
2025-01-01,Solapur,20.7088,74.4543,32.96,3.83,70.26,5.33
2025-02-20,Pune,20.3281,76.1781,27.24,2.9,85.61,4.8
2025-06-22,Kolhapur,20.9186,73.849,15.88,0.62,38.19,8.12
2025-07-24,Satara,19.326,73.3196,26.11,10.76,98.0,6.15
2025-09-17,Ahmednagar,17.6138,74.1154,26.99,9.61,56.89,5.5
2025-10-15,Satara,17.2327,73.3664,14.92,3.2,30.31,5.89
2025-02-03,Satara,17.3411,73.4501,27.12,1.44,98.0,3.67
2025-12-14,Sangli,16.5891,75.0085,21.93,23.42,38.42,4.29
2025-04-05,Solapur,18.2581,73.2132,17.82,21.05,54.84,4.7
2025-03-13,Aurangabad,17.3614,73.1083,35.02,8.07,58.3,5.78
2025-02-08,Nashik,18.3524,75.5004,21.71,23.41,69.99,4.55
2025-06-03,Aurangabad,20.7075,74.2658,23.66,33.33,47.76,4.45
2025-09-07,Satara,18.4374,73.4388,23.6,11.71,80.71,3.6
2025-06-11,Pune,20.4509,73.8876,27.01,2.74,75.57,5.24
2025-04-28,Ahmednagar,19.2248,75.2473,35.83,3.71,62.34,5.45
2025-09-16,Dhule,17.6121,73.9644,21.02,1.83,85.84,5.84
2025-11-02,Aurangabad,18.1013,74.7308,25.47,24.67,60.78,4.16
2025-09-25,Satara,16.8776,73.4259,27.6,5.26,57.04,5.76
2025-02-23,Ahmednagar,18.0006,75.0583,22.66,25.46,97.97,3.64
2025-08-24,Kolhapur,19.5489,74.1063,25.39,15.34,67.32,4.87
2025-08-10,Solapur,16.8245,75.1944,29.97,11.46,44.26,5.65
2025-09-08,Jalgaon,17.4243,75.8294,23.22,37.69,46.7,4.81
2025-11-09,Sangli,18.2165,75.1408,25.31,3.29,62.34,2.86
2025-04-22,Ahmednagar,20.9192,74.0351,24.84,2.58,20.0,3.04
2025-09-12,Pune,20.0319,73.8951,26.48,8.91,50.61,5.53
2025-10-30,Pune,19.8007,74.146,28.22,17.42,60.19,6.07
2025-07-26,Ahmednagar,17.0229,73.5762,29.93,0.15,58.99,5.71
2025-08-17,Pune,20.0145,73.6341,36.69,15.12,39.37,6.11
2025-12-07,Solapur,20.0337,75.7674,13.71,1.58,53.93,4.78
2025-03-07,Pune,19.205,74.3466,26.16,0.02,83.24,6.31
2025-03-16,Aurangabad,20.9566,74.526,20.18,14.59,79.52,5.7
2025-04-13,Jalgaon,17.9636,75.0792,25.07,3.67,63.72,4.24
2025-07-11,Pune,20.7357,75.0638,31.4,12.18,60.76,5.97
2025-09-09,Jalgaon,20.6163,73.2358,32.99,22.39,59.09,5.64
2025-08-14,Satara,16.5517,75.9104,33.22,17.69,66.25,7.71
2025-10-21,Nashik,18.5255,73.6206,33.18,12.86,63.85,7.27
2025-11-02,Solapur,20.897,75.5308,26.13,23.32,67.83,5.06
2025-04-08,Nashik,16.964,75.7043,33.99,7.19,71.03,4.57
2025-12-04,Satara,18.965,75.5021,34.98,10.05,40.2,7.54
2025-10-13,Solapur,20.9053,75.0264,27.69,0.59,56.42,6.03
2025-12-01,Ahmednagar,18.9997,73.0511,32.89,22.4,65.56,4.94
2025-12-13,Ahmednagar,17.3542,74.2613,27.21,0.25,44.61,2.22
2025-11-04,Jalgaon,19.1198,75.1169,34.05,0.28,49.87,4.07
2025-09-06,Satara,17.42,74.3561,26.19,0.4,58.08,3.96
2025-06-15,Jalgaon,18.8387,76.0222,23.95,64.96,58.96,4.98
2025-12-01,Sangli,16.8332,74.0808,21.4,5.5,65.9,6.13
2025-01-30,Pune,19.2247,74.0274,26.13,10.98,46.74,6.36
2025-09-04,Dhule,18.8256,73.931,27.42,11.58,79.42,7.45
2025-04-16,Sangli,19.8307,74.1647,22.27,5.76,58.81,6.6
2025-02-20,Pune,19.3382,74.9509,25.75,12.74,64.61,3.25
2025-03-22,Solapur,18.9732,75.4746,24.37,7.82,55.34,6.75
2025-05-13,Jalgaon,19.604,75.319,21.62,2.67,66.24,7.8
2025-10-12,Solapur,17.1477,75.827,32.18,12.0,92.08,7.73
2025-05-18,Solapur,19.1791,76.1007,33.06,5.6,55.18,3.38
2025-07-03,Pune,17.2745,75.8563,32.16,12.56,52.2,4.91
2025-11-26,Satara,20.6648,73.0663,26.58,1.9,47.06,6.64
2025-09-30,Pune,16.8075,75.5757,26.89,7.21,60.93,3.46
2025-12-06,Kolhapur,18.4367,73.7294,21.68,8.46,60.72,2.61
2025-03-10,Ahmednagar,19.6311,73.4652,29.07,17.69,62.93,5.67
2025-02-03,Ahmednagar,18.5611,75.2347,27.85,15.46,70.43,4.19
2025-09-19,Sangli,16.9144,74.1191,41.22,28.05,68.16,2.75
2025-02-22,Ahmednagar,18.9902,73.1999,32.44,4.26,61.59,7.04
2025-07-24,Pune,19.3873,73.4817,28.58,4.45,97.17,5.45
2025-05-06,Aurangabad,19.6671,73.0033,26.79,6.22,74.43,4.42
2025-08-23,Jalgaon,18.1797,76.1613,32.01,15.56,42.39,3.75
2025-02-12,Pune,19.0365,73.0862,22.42,6.2,34.19,5.46
2025-08-28,Pune,18.5281,73.7331,32.7,7.95,49.48,5.97
2025-04-21,Dhule,19.5243,74.4569,21.56,26.12,64.75,5.69
2025-09-06,Jalgaon,19.126,74.248,24.19,3.71,47.97,2.92
2025-05-31,Kolhapur,18.8659,76.191,,1.55,50.7,5.92
2025-07-02,Ahmednagar,17.6229,73.141,30.07,4.99,62.47,6.24
2025-12-02,Jalgaon,16.5091,74.7928,28.25,16.41,55.84,4.68
2025-04-05,Ahmednagar,17.2834,75.3817,24.19,12.73,25.14,6.76
2025-01-08,Sangli,17.0268,76.2609,22.35,17.64,81.39,3.92
2025-12-26,Jalgaon,18.5209,75.1713,33.89,35.52,77.21,7.14
2025-07-03,Ahmednagar,19.2552,75.8131,26.33,0.53,38.87,5.4
2025-10-08,Kolhapur,17.4589,73.293,23.16,9.66,63.02,4.46
2025-07-14,Nashik,20.7258,74.3508,36.61,9.57,41.9,4.72
2025-12-18,Solapur,16.5301,74.3088,23.71,12.07,51.04,6.7
2025-07-14,Solapur,19.9754,76.102,32.69,33.31,70.75,5.56
2025-06-04,Kolhapur,19.3134,73.5298,21.25,9.93,76.58,6.17
2025-04-03,Dhule,18.181,73.5316,25.23,22.37,76.16,6.81
2025-06-09,Nashik,16.7272,74.15,29.51,10.27,66.41,4.41
2025-03-02,Sangli,19.3237,73.1906,26.71,11.85,84.95,5.39
2025-05-02,Kolhapur,18.2353,73.6386,28.22,5.71,51.01,4.86
2025-02-20,Solapur,20.7132,76.3782,24.31,1.5,55.0,6.73
2025-10-04,Solapur,18.939,74.4986,19.01,31.91,20.0,4.63
2025-01-05,Solapur,20.7284,75.2121,34.33,11.04,60.32,5.27
2025-04-02,Satara,17.4922,75.5414,24.61,11.89,72.43,8.64
2025-06-19,Kolhapur,19.7658,74.2844,28.45,11.23,67.13,7.13
2025-11-13,Pune,19.2776,73.5153,30.51,18.79,50.77,3.65
2025-01-22,Sangli,19.8273,73.723,28.54,3.11,77.2,6.55
2025-11-22,Solapur,17.466,74.0964,23.46,1.7,60.67,6.23
2025-01-01,Ahmednagar,19.4925,75.2262,32.8,1.48,75.8,3.55
2025-05-13,Kolhapur,18.7412,74.394,29.57,3.07,70.75,5.03
2025-08-21,Satara,19.8427,73.0239,27.99,0.1,87.64,3.78
2025-01-12,Kolhapur,17.9717,74.8319,27.88,11.21,68.11,1.61
2025-12-12,Sangli,20.5053,76.2253,,4.04,72.98,4.98
2025-02-15,Satara,16.8794,75.8423,23.35,6.49,60.62,4.44
2025-02-03,Sangli,20.1324,75.8882,29.08,17.56,52.95,3.55
2025-03-19,Kolhapur,20.3759,75.7827,24.36,4.06,70.83,5.19
2025-08-06,Pune,20.1776,74.1331,17.32,4.23,89.05,2.02
2025-10-28,Sangli,18.8073,75.6782,17.19,8.78,50.91,5.26
2025-03-14,Satara,18.4727,73.5011,21.93,6.79,57.53,5.22
2025-10-09,Satara,20.9832,75.302,23.71,0.87,62.48,6.22
2025-09-06,Sangli,17.5313,75.2455,37.86,11.67,74.33,2.8
2025-02-16,Aurangabad,18.9609,73.0895,30.49,3.97,68.22,8.41
2025-05-01,Kolhapur,19.518,75.7579,30.94,8.28,78.44,7.83
2025-08-02,Aurangabad,19.6539,76.1614,23.81,7.2,97.53,4.04
2025-08-27,Dhule,17.4181,73.936,,18.35,50.5,7.39
2025-02-25,Kolhapur,19.443,75.8434,38.53,10.72,72.98,6.49
2025-12-16,Sangli,20.1827,73.2884,20.93,8.58,67.77,4.54
2025-04-17,Nashik,16.7251,75.0999,29.28,23.46,62.34,4.29
2025-11-15,Sangli,20.6018,74.6998,35.06,9.05,72.91,4.4
2025-02-17,Aurangabad,16.6328,74.9107,31.83,0.46,57.2,9.0
2025-03-02,Pune,18.1019,76.2417,36.01,15.81,67.81,7.24
2025-12-03,Sangli,16.5712,76.0496,28.06,12.03,38.5,4.9
2025-01-26,Sangli,16.8472,75.7478,30.02,20.47,52.3,5.03
2025-10-19,Pune,20.6003,73.9579,27.55,15.53,,6.47
2025-09-14,Sangli,18.0969,76.1914,29.67,3.56,80.16,6.41
2025-01-08,Solapur,18.4115,73.3413,22.42,18.9,66.67,3.76
2025-04-23,Nashik,17.469,75.9867,30.96,8.83,53.85,5.65
2025-12-21,Ahmednagar,19.1869,74.1486,28.47,4.55,76.85,4.37
2025-09-10,Nashik,19.1766,73.1882,27.31,4.05,84.26,5.43
2025-06-29,Sangli,18.1749,75.3427,35.73,10.31,54.58,5.13
2025-07-26,Solapur,17.9987,73.8095,25.67,5.36,35.81,6.73
2025-10-30,Kolhapur,20.4823,73.8525,33.04,1.82,70.08,4.8
2025-05-07,Sangli,18.2248,74.0712,33.54,1.44,78.45,5.38
2025-02-25,Aurangabad,18.7208,73.2229,31.28,7.26,72.57,2.38
2025-08-02,Solapur,17.7749,73.6199,22.17,3.35,90.17,5.69
2025-01-14,Pune,20.0405,73.018,28.8,2.48,90.25,4.03
2025-01-28,Solapur,18.2885,74.5589,36.79,26.42,56.5,2.92
2025-03-19,Pune,18.8112,73.2949,17.91,2.88,65.58,6.89
2025-08-04,Dhule,17.6401,75.3893,26.06,12.48,53.06,5.14
2025-12-31,Ahmednagar,20.9445,73.8247,32.81,13.81,43.6,2.08
2025-06-03,Jalgaon,17.8117,76.3025,26.42,2.2,44.66,4.02
2025-01-14,Solapur,19.9683,76.0494,31.05,2.3,74.91,5.21
2025-07-06,Satara,18.4237,74.013,34.05,1.83,67.45,5.25
2025-11-08,Aurangabad,17.428,75.7413,28.16,3.7,78.02,4.45
2025-01-07,Sangli,20.0987,75.8114,29.54,11.95,98.0,1.0
2025-01-03,Aurangabad,18.0012,76.453,27.46,7.55,71.0,4.37
2025-04-21,Nashik,20.3934,75.0924,28.49,19.16,47.82,6.81
2025-08-26,Jalgaon,20.6187,73.2869,37.51,14.44,80.63,7.3
2025-12-29,Nashik,20.3692,75.2639,26.68,15.63,47.48,4.29
2025-08-27,Dhule,16.6575,75.1874,25.23,21.96,93.47,8.03
2025-10-01,Jalgaon,20.0432,75.2342,32.21,7.34,26.51,2.77
2025-10-21,Jalgaon,18.351,74.075,22.79,10.62,52.16,3.98
2025-08-15,Nashik,20.4318,76.0089,23.93,17.52,73.2,6.54
2025-01-15,Pune,19.3708,76.3582,23.96,20.61,83.2,6.3
2025-07-11,Nashik,20.2514,73.762,25.72,11.61,49.81,5.19
2025-04-29,Aurangabad,18.7474,73.3085,25.94,0.6,46.55,3.52
2025-01-28,Pune,18.9076,73.6809,30.5,36.87,64.67,3.52
2025-07-21,Aurangabad,17.1497,75.8719,25.29,7.16,96.36,4.11
2025-02-08,Dhule,20.0279,75.3683,30.7,4.58,34.31,3.58
2025-09-30,Sangli,18.3873,75.2262,31.32,3.03,56.35,5.4
2025-08-19,Kolhapur,18.7504,74.4063,23.73,14.93,66.68,5.06
2025-03-27,Pune,20.0329,75.0224,31.21,11.85,47.67,3.46
2025-05-06,Dhule,19.1948,74.0776,31.67,3.09,47.61,4.67
2025-10-27,Satara,17.4049,74.6702,18.2,0.67,57.8,1.23
2025-01-25,Dhule,19.156,75.7757,28.47,3.04,67.27,5.71
2025-05-25,Nashik,18.3343,76.4343,24.47,15.95,58.49,6.28
2025-01-13,Nashik,18.6129,76.2637,33.52,7.88,88.38,3.83
2025-07-31,Kolhapur,16.6274,76.2685,24.42,1.09,72.67,4.02
2025-01-25,Dhule,17.4451,74.4078,20.3,2.75,68.9,5.59
2025-03-09,Ahmednagar,17.7647,74.6408,26.85,6.78,80.5,5.36
2025-03-08,Sangli,19.7083,75.4697,22.52,9.18,69.21,6.36
2025-08-21,Nashik,16.5517,76.2277,31.25,4.72,54.02,4.03
2025-04-19,Kolhapur,18.3395,73.497,22.96,9.96,57.26,4.21
2025-05-26,Sangli,20.6581,74.0648,26.91,14.45,41.67,4.87
2025-04-21,Dhule,17.0035,73.4874,34.73,5.33,98.0,3.6
2025-08-16,Dhule,18.8239,75.142,32.49,23.5,78.75,4.84
2025-04-21,Jalgaon,20.0394,74.0721,29.39,2.42,20.0,3.63
2025-02-03,Kolhapur,20.7414,74.1414,26.36,1.71,86.0,5.83
2025-04-21,Nashik,19.8605,73.2482,28.91,21.83,35.61,3.8
2025-09-21,Ahmednagar,19.7425,74.2243,30.44,0.03,71.37,5.58
2025-08-24,Dhule,20.2192,76.0187,22.07,3.58,22.33,7.38
2025-03-24,Ahmednagar,18.5079,73.8158,31.26,4.62,54.29,5.84
2025-02-11,Dhule,20.1263,75.4332,21.49,14.35,86.14,5.46
2025-04-11,Nashik,16.5358,75.2037,29.86,0.7,87.14,3.15
2025-01-06,Sangli,20.6605,76.0222,21.47,9.73,67.52,7.28
2025-06-29,Solapur,18.4949,73.463,36.81,7.87,76.17,6.87
2025-10-09,Sangli,18.9902,76.4216,30.82,32.49,36.56,4.97
2025-11-16,Dhule,17.647,75.0392,19.22,2.54,71.69,4.62
2025-08-14,Aurangabad,19.8414,76.4842,27.0,12.43,77.32,3.98
2025-11-11,Solapur,16.8449,76.1903,24.39,5.83,98.0,7.88
2025-12-31,Solapur,20.4269,73.7753,23.8,7.49,50.78,6.38
2025-08-17,Ahmednagar,20.2265,73.1966,27.74,3.36,62.29,4.06
2025-10-16,Kolhapur,17.4723,73.8947,22.36,13.88,63.41,6.85
2025-05-30,Ahmednagar,20.142,74.8465,30.81,16.74,74.57,7.21
2025-10-04,Ahmednagar,20.0386,73.6006,30.52,9.87,77.85,5.17
2025-07-17,Aurangabad,19.345,73.5861,28.76,57.04,81.1,4.68
2025-03-11,Sangli,18.1808,74.6191,26.9,4.88,79.78,3.71
2025-04-22,Sangli,17.7217,73.1164,30.3,14.73,35.34,6.26
2025-01-04,Satara,17.543,73.4266,30.96,25.11,,4.56
2025-12-16,Dhule,17.9337,74.4555,29.27,11.88,52.74,4.5
2025-11-27,Aurangabad,20.566,73.221,20.44,17.95,61.36,5.18
2025-11-14,Satara,16.8494,74.3886,23.06,27.69,50.96,3.97
2025-12-16,Nashik,20.2299,74.659,25.66,12.4,53.73,7.49
2025-04-05,Dhule,18.07,74.5794,19.62,16.91,55.95,6.65
2025-06-01,Dhule,18.8472,76.0421,28.12,2.59,72.39,5.31
2025-11-07,Jalgaon,20.0752,74.8552,34.06,0.02,43.39,3.92
2025-05-17,Jalgaon,20.4797,74.6379,33.26,12.55,60.6,4.0
2025-09-04,Pune,18.0515,74.4375,30.7,5.16,60.74,3.94
2025-08-31,Pune,18.5783,75.8617,30.64,6.08,71.98,3.35
2025-01-31,Ahmednagar,18.3653,76.1327,38.08,5.24,82.91,5.68
2025-02-09,Nashik,16.5596,75.9863,31.22,7.81,92.31,4.24
2025-08-17,Solapur,17.8317,75.3574,31.63,9.22,48.57,4.15
2025-02-05,Solapur,18.5664,73.4808,19.81,14.53,26.0,3.98
2025-08-11,Jalgaon,18.3499,73.969,33.66,11.57,57.65,6.71
2025-01-06,Jalgaon,19.7487,73.1612,28.99,17.05,33.4,4.06
2025-11-18,Jalgaon,18.2316,76.2579,26.6,36.29,98.0,7.1
2025-08-08,Aurangabad,18.7022,75.3128,25.36,5.46,46.29,4.77
2025-03-16,Kolhapur,18.4332,75.6123,24.26,11.48,72.15,3.33
2025-01-04,Pune,19.8328,74.0905,33.28,0.55,78.81,5.9
2025-12-01,Aurangabad,20.3834,75.9598,26.86,5.91,68.13,6.53
2025-05-14,Sangli,18.8935,73.9086,24.44,1.37,98.0,3.91
2025-04-28,Solapur,20.0524,73.0058,23.14,7.2,58.36,5.29
2025-04-04,Dhule,17.8355,74.3175,27.85,5.73,46.97,5.68
2025-03-03,Pune,18.9362,74.9977,25.2,10.28,46.04,5.34
2025-07-13,Satara,18.0535,74.6755,24.06,4.0,75.5,4.51
2025-12-01,Sangli,18.3639,76.0173,20.09,0.17,58.58,6.52
2025-07-22,Pune,19.7959,73.3689,31.8,2.35,46.04,4.82
2025-01-26,Aurangabad,20.4675,74.9384,26.31,3.63,69.94,4.29
2025-06-22,Nashik,17.0467,74.7954,21.57,16.05,74.77,2.55
2025-10-27,Dhule,19.3559,73.9849,25.64,3.21,66.88,2.57
2025-05-13,Pune,19.1196,75.8778,29.75,34.59,78.19,5.52
2025-11-22,Kolhapur,17.0329,75.635,27.14,15.76,63.59,5.08
2025-04-28,Jalgaon,17.4535,75.565,27.95,1.88,51.31,6.53
2025-11-20,Jalgaon,17.8995,76.0667,27.21,3.85,76.61,6.9
2025-10-02,Dhule,17.2512,75.5297,20.62,16.16,45.98,4.83
2025-07-31,Aurangabad,17.5968,73.8114,31.74,3.78,41.68,6.62
2025-08-13,Jalgaon,17.7042,75.4695,18.46,2.09,82.81,4.36
2025-01-20,Pune,18.0105,74.077,29.31,2.81,55.74,4.98
2025-04-23,Satara,19.8723,73.8476,30.08,5.69,91.98,4.93
2025-05-20,Solapur,19.0736,73.2555,25.9,2.04,77.42,7.57
2025-02-16,Solapur,20.9381,75.6041,28.77,11.06,54.37,3.28
2025-01-01,Sangli,18.3663,75.4885,25.61,41.32,70.75,5.29
2025-03-31,Ahmednagar,19.8924,73.8207,28.83,7.34,98.0,4.16
2025-05-22,Nashik,20.4216,75.6228,31.96,9.98,75.58,4.75
2025-11-16,Dhule,19.5554,76.2124,23.04,4.59,72.47,4.69
2025-02-07,Sangli,18.3534,73.3781,30.37,41.53,51.3,5.31
2025-10-20,Ahmednagar,19.8912,73.8142,35.46,2.94,95.2,7.22
2025-05-19,Aurangabad,17.4165,75.6259,28.32,7.2,85.72,8.05
2025-12-22,Kolhapur,17.974,73.9608,24.48,10.12,51.46,6.18
2025-11-29,Kolhapur,18.9601,75.1863,38.32,3.1,95.85,3.73
2025-09-16,Nashik,19.0893,73.2841,27.44,7.96,64.97,4.94
2025-06-10,Jalgaon,16.5996,74.5827,28.16,16.15,46.87,5.59
2025-06-27,Pune,20.753,75.5868,28.26,3.59,51.23,4.59
2025-01-10,Sangli,19.6348,75.4028,29.24,0.97,77.8,4.78
2025-09-18,Sangli,18.7307,75.8528,25.31,15.44,47.0,5.09
2025-05-18,Dhule,20.6991,76.0711,27.95,11.67,42.14,6.36
2025-06-21,Dhule,18.4759,75.7061,31.76,6.85,54.1,6.0
2025-01-13,Kolhapur,20.912,75.3506,25.13,3.52,56.79,4.28
2025-06-17,Kolhapur,18.8053,73.111,24.9,0.07,49.88,6.09
2025-05-10,Satara,17.0143,74.8724,25.54,22.36,53.83,7.79
2025-03-25,Satara,19.9416,73.1319,21.51,2.41,78.5,2.93
2025-11-17,Jalgaon,19.555,75.8282,23.59,2.84,66.62,4.54
2025-11-15,Satara,19.9784,74.1225,23.38,2.86,52.72,4.43
2025-04-11,Pune,20.7815,74.9685,27.0,17.2,54.3,5.32
2025-11-25,Pune,19.9942,73.9781,31.18,27.82,59.63,2.46
2025-09-30,Sangli,19.251,75.7388,34.27,3.01,60.66,7.24
2025-09-22,Solapur,20.3579,76.1028,27.29,2.03,60.74,5.27
2025-02-07,Pune,19.5296,74.3952,29.28,6.1,77.84,5.65
2025-04-04,Ahmednagar,18.3365,76.0202,28.22,3.83,65.55,5.47
2025-04-05,Kolhapur,20.4853,73.9348,16.53,1.82,66.08,4.43
2025-11-01,Dhule,17.4986,74.8713,21.26,21.26,87.68,6.25
2025-03-10,Satara,19.7159,76.0057,30.81,13.91,95.78,5.21
2025-11-14,Sangli,20.467,74.1406,31.29,1.08,39.84,2.07
2025-08-24,Nashik,19.7909,76.3391,31.18,9.84,33.58,5.04
2025-11-30,Dhule,19.6377,73.4266,26.11,9.05,55.71,4.78
2025-05-17,Ahmednagar,19.8869,73.064,17.03,14.47,76.1,6.25
2025-03-17,Satara,18.5927,76.1645,21.86,1.26,68.77,9.0
2025-02-04,Ahmednagar,20.4338,73.2403,22.62,20.0,80.97,5.77
2025-01-01,Kolhapur,17.4155,76.4716,30.14,5.49,54.94,8.38
2025-10-23,Kolhapur,17.0732,76.3299,25.21,12.96,26.78,4.17
2025-11-16,Jalgaon,17.7848,73.4796,35.45,1.79,37.4,4.27
2025-03-01,Sangli,18.8921,74.8815,34.34,3.93,72.17,4.83
2025-11-16,Dhule,18.7975,73.6472,35.37,3.07,81.11,5.84
2025-12-15,Aurangabad,20.1927,74.4985,22.42,0.41,27.68,4.24
2025-11-24,Aurangabad,18.3206,73.215,29.45,1.86,87.39,2.78
2025-09-24,Dhule,18.6795,73.7837,24.61,2.87,70.36,5.23
2025-12-27,Nashik,16.5602,74.2715,28.64,6.01,60.73,3.49
2025-08-17,Sangli,18.3438,74.5353,22.97,13.64,50.72,6.87
2025-09-27,Ahmednagar,19.415,76.4212,33.13,19.98,90.64,6.17
2025-11-12,Nashik,16.5698,75.8275,23.07,16.57,78.15,4.06
2025-10-13,Solapur,17.764,75.5809,17.26,17.75,70.83,5.88
2025-10-18,Dhule,17.4358,74.8796,37.17,24.81,48.83,4.38
2025-08-01,Ahmednagar,16.6889,75.94,29.21,7.73,91.06,5.12
2025-06-14,Aurangabad,18.6567,74.1876,21.65,18.27,62.55,5.14
2025-01-05,Pune,17.3178,75.4811,26.19,4.04,67.38,4.7
2025-12-05,Jalgaon,19.8439,76.4782,24.12,7.19,63.32,6.45
2025-03-19,Aurangabad,20.3157,74.1012,27.03,6.69,48.22,3.52
2025-03-03,Sangli,18.9551,75.3591,31.01,10.89,67.75,6.01
2025-05-12,Kolhapur,20.9177,75.9551,30.23,6.58,74.54,5.66
2025-03-30,Pune,18.5272,76.2053,28.27,2.43,54.05,3.09
2025-08-25,Jalgaon,18.8102,75.5128,27.03,3.76,66.21,4.01
2025-02-11,Jalgaon,20.9515,73.9926,32.39,5.33,63.05,3.56
2025-03-30,Solapur,17.542,74.142,17.37,0.33,78.47,4.65
2025-10-23,Solapur,20.7415,73.0727,23.26,22.75,,5.27
2025-11-24,Satara,16.6928,75.6631,22.11,9.24,66.08,3.81
2025-10-22,Aurangabad,18.5087,73.1496,32.03,11.11,69.87,6.65
2025-04-14,Aurangabad,16.815,76.0263,23.3,15.59,56.21,6.79
2025-01-14,Aurangabad,19.7816,73.4153,20.57,15.49,47.14,7.05
2025-10-15,Satara,19.2378,73.6016,29.75,3.17,50.07,1.12
2025-06-28,Nashik,19.6799,74.6678,22.46,12.18,69.37,8.12
2025-05-05,Jalgaon,18.1852,75.5826,25.25,12.42,57.76,5.45
2025-12-19,Pune,18.1627,73.4865,38.91,7.06,57.53,5.27
2025-01-23,Sangli,16.7039,74.5402,30.94,2.13,72.87,5.05
2025-03-04,Jalgaon,18.0748,74.69,,9.83,80.35,3.22
2025-05-23,Solapur,20.6818,73.743,26.39,5.52,,5.74
2025-06-02,Ahmednagar,18.2065,73.4045,31.54,5.9,50.97,7.62
2025-05-25,Kolhapur,20.2412,75.9275,30.31,9.19,78.61,5.43
2025-08-13,Satara,20.2905,74.7586,27.38,20.19,98.0,3.53
2025-11-05,Dhule,18.1796,73.0503,27.52,0.44,64.27,2.91
2025-04-14,Ahmednagar,19.3439,75.8104,19.6,27.04,60.68,4.76
2025-04-14,Sangli,16.9292,76.4328,18.55,0.32,56.93,4.08
2025-02-08,Aurangabad,16.9666,75.1207,26.12,34.62,42.85,6.25
2025-07-17,Solapur,16.719,74.763,23.83,8.2,77.16,7.26
2025-05-14,Solapur,19.1146,76.0745,29.93,1.57,60.76,5.9
2025-03-08,Solapur,18.4173,76.3338,27.99,5.37,59.31,5.07
2025-06-28,Aurangabad,18.9661,75.6409,23.14,5.09,74.37,5.0
2025-02-11,Dhule,18.8448,74.5591,27.82,6.61,76.03,5.31
2025-01-15,Satara,18.0759,75.0728,24.91,11.84,51.18,3.46
2025-04-21,Ahmednagar,19.5486,75.4533,37.33,9.52,51.61,6.1
2025-06-06,Aurangabad,19.9133,73.68,28.93,2.67,50.82,3.58
2025-10-16,Sangli,16.5658,74.5652,19.2,8.06,98.0,6.87
2025-08-19,Satara,17.4326,75.9044,36.1,6.18,88.59,4.66
2025-06-06,Sangli,19.7096,75.2915,23.83,1.03,74.73,6.45
2025-02-07,Satara,18.2398,74.4392,22.13,4.13,55.24,2.99
2025-04-07,Dhule,19.4812,75.3218,37.72,12.69,57.38,6.44
2025-10-16,Kolhapur,18.0613,73.4138,28.73,9.06,68.54,7.24
2025-09-11,Sangli,18.2584,74.4052,30.5,1.41,98.0,3.28
2025-07-15,Aurangabad,17.2141,75.7759,30.67,6.93,67.2,5.03
2025-03-27,Satara,17.662,73.7718,25.97,1.51,71.16,5.7
2025-11-18,Solapur,19.2244,73.6509,24.14,5.26,20.0,5.78
2025-01-10,Jalgaon,18.4492,76.3279,24.95,4.98,66.64,4.69
2025-01-05,Solapur,19.9844,73.7346,35.04,8.19,36.91,4.43
2025-05-03,Nashik,20.3366,73.9132,28.02,7.36,53.23,5.58
2025-11-26,Kolhapur,18.9374,76.3937,33.56,1.53,62.84,5.73
2025-12-19,Kolhapur,19.9122,75.5715,26.62,4.0,56.56,4.26
2025-04-28,Solapur,17.8811,75.4486,23.22,1.93,50.55,3.96
2025-10-21,Ahmednagar,18.3674,75.9852,19.79,6.05,50.71,7.02
2025-06-08,Dhule,19.7075,73.4054,30.24,1.59,58.2,5.36
2025-10-30,Sangli,18.238,75.4708,35.47,15.88,57.42,1.79
2025-08-16,Aurangabad,19.1483,74.7629,22.57,3.89,62.36,7.03
2025-12-31,Kolhapur,17.3342,75.902,29.57,43.67,61.02,4.3
2025-08-04,Solapur,19.199,74.7785,20.12,8.49,85.02,5.3
2025-07-03,Solapur,20.3768,75.1708,24.22,1.03,25.11,5.76
2025-01-15,Dhule,20.4089,74.6721,28.34,1.17,66.41,2.97
2025-06-06,Dhule,19.7595,74.6736,18.36,22.11,63.28,4.77
2025-05-16,Pune,19.8559,75.6879,26.91,0.98,59.58,7.18
2025-09-18,Pune,19.0107,75.2,22.82,20.98,49.3,6.83
2025-06-06,Ahmednagar,19.131,75.2164,30.02,11.81,59.31,4.76
2025-02-16,Ahmednagar,17.1014,74.576,26.17,8.3,32.6,6.27
2025-11-20,Nashik,18.4974,74.8589,31.7,21.19,65.72,6.47
2025-11-28,Ahmednagar,18.5285,75.61,25.6,15.41,68.99,6.39
2025-06-22,Satara,20.8132,75.8908,20.19,5.73,49.33,3.48
2025-05-10,Dhule,18.4399,75.438,19.57,0.38,96.93,7.66
2025-04-05,Aurangabad,18.972,76.2343,17.45,12.04,59.83,4.5
2025-04-25,Satara,18.8996,75.8711,30.16,1.9,62.79,5.36
2025-08-31,Sangli,19.3654,74.9665,39.79,2.15,86.04,4.67
2025-10-19,Solapur,19.867,75.3499,29.18,5.51,98.0,5.54
2025-10-09,Ahmednagar,17.5127,76.2421,35.36,3.26,41.78,3.9
2025-10-26,Solapur,18.8793,75.1671,32.67,6.25,51.61,4.86
2025-10-10,Kolhapur,20.2166,75.8868,24.41,5.07,60.15,5.47
2025-03-10,Nashik,18.584,75.4108,33.33,7.6,48.63,7.04
2025-05-28,Kolhapur,17.7531,74.9318,24.61,11.07,77.23,6.86
2025-01-11,Nashik,19.4462,73.8464,24.71,24.59,46.65,6.93
2025-09-11,Pune,20.207,74.491,25.96,13.52,84.8,6.5
2025-11-26,Solapur,16.7841,76.3871,26.19,10.36,73.23,7.97
2025-12-26,Nashik,19.9956,75.3022,30.31,4.45,82.95,4.76
2025-02-07,Jalgaon,20.1974,74.9754,23.65,3.69,46.73,4.96
2025-05-14,Satara,18.5769,76.2653,31.45,0.23,55.1,4.9
2025-07-19,Nashik,20.9249,75.0528,31.37,4.77,78.16,5.11
2025-01-23,Nashik,20.0402,74.8413,28.71,12.21,74.9,3.05
2025-10-30,Satara,19.9815,75.6576,36.7,0.68,56.84,5.6
2025-12-12,Solapur,19.8653,75.4943,33.44,5.61,59.4,5.94
2025-10-29,Solapur,17.1777,73.6761,32.35,7.43,54.18,4.81
2025-12-29,Satara,17.4775,74.6496,27.33,9.65,58.91,2.56
2025-08-06,Kolhapur,18.588,74.6538,28.76,11.0,44.62,5.23
2025-05-21,Jalgaon,17.688,74.3238,29.62,15.57,41.6,3.26
2025-04-14,Aurangabad,18.3686,74.8105,27.07,1.04,80.1,5.84
2025-07-29,Sangli,20.4981,74.4459,25.12,8.52,58.3,5.38
2025-04-21,Jalgaon,20.2095,73.6977,14.97,6.86,82.72,5.53
2025-04-14,Solapur,19.3352,74.4433,30.59,0.23,72.73,3.61
2025-11-12,Aurangabad,20.3615,73.253,32.21,23.25,67.62,7.09
2025-06-20,Pune,20.027,75.0153,21.19,15.24,49.22,5.46
2025-12-22,Ahmednagar,18.4304,75.9878,30.03,1.96,40.21,3.83
2025-11-20,Nashik,17.4048,75.5385,,3.43,53.78,6.07
2025-05-13,Satara,18.8139,74.2614,25.17,4.19,89.57,5.35
2025-10-20,Satara,19.813,73.3047,33.55,22.73,78.0,7.96
2025-11-24,Nashik,18.4639,73.7075,22.05,12.2,52.09,4.37
2025-05-07,Ahmednagar,19.5005,74.9092,22.04,11.71,53.98,3.33
2025-04-16,Sangli,16.9245,73.7247,36.02,7.41,45.28,5.63
2025-04-02,Ahmednagar,19.866,74.9039,26.27,16.24,34.15,6.72
2025-10-14,Aurangabad,20.1572,73.8106,33.23,0.11,63.83,8.68
2025-02-20,Ahmednagar,19.6808,75.9712,19.01,5.46,93.05,9.0
2025-01-29,Aurangabad,20.8527,74.3905,19.41,16.08,93.28,2.87
2025-10-23,Ahmednagar,20.2199,73.8594,22.44,15.22,72.94,5.0
2025-10-24,Sangli,20.5639,75.8431,24.59,22.29,51.15,3.33
2025-08-02,Sangli,20.7011,74.1999,19.98,16.92,35.91,4.83
2025-09-24,Solapur,20.1061,73.3902,28.85,2.66,80.85,8.92
2025-09-14,Nashik,19.5342,74.9964,29.17,1.24,70.05,3.97
2025-10-29,Sangli,16.5257,75.0355,22.51,9.38,56.31,5.17
2025-04-11,Aurangabad,18.5962,75.5014,22.91,23.72,53.3,4.33
2025-12-12,Sangli,19.0702,73.8408,23.57,4.28,72.81,3.7
2025-04-20,Solapur,17.8681,74.5532,21.18,8.95,47.12,7.89
2025-07-01,Satara,17.9315,73.9883,12.52,21.4,66.31,2.89
2025-11-09,Aurangabad,20.8252,73.2833,26.57,2.29,40.04,5.08
2025-01-01,Solapur,20.5127,76.0681,24.85,23.81,98.0,5.33
2025-11-15,Kolhapur,20.3213,75.551,25.36,0.76,49.63,5.15
2025-02-24,Kolhapur,18.3271,74.0551,21.94,9.13,73.67,4.73
2025-05-29,Pune,16.5616,75.0978,31.05,12.77,40.44,7.62
2025-11-05,Ahmednagar,16.861,73.7044,39.13,14.36,59.06,2.03
2025-05-17,Nashik,17.9049,76.1158,22.83,0.8,77.92,5.85
2025-07-21,Dhule,16.5708,73.4022,34.0,10.12,,5.92
2025-11-09,Jalgaon,16.5772,73.0134,28.83,2.62,75.74,5.63
2025-04-27,Solapur,20.6247,74.757,27.18,9.24,59.51,3.95
2025-06-03,Satara,19.6777,75.0409,25.28,6.25,50.01,7.01
2025-10-18,Jalgaon,17.8903,75.0264,26.58,0.26,42.6,6.93
2025-03-04,Satara,17.0969,73.1908,32.75,19.38,89.07,3.9
2025-09-01,Jalgaon,18.8024,74.0992,21.31,5.66,63.86,3.4
2025-01-25,Solapur,16.5241,74.7472,25.62,27.48,67.19,3.11
2025-03-31,Dhule,20.7229,73.758,33.25,5.89,82.98,5.54
2025-03-16,Jalgaon,18.3667,76.0542,31.92,11.36,72.56,5.27
2025-10-21,Solapur,18.3105,73.3049,21.39,4.43,59.71,4.66
2025-07-29,Sangli,18.2577,74.7058,26.09,7.2,75.4,8.32
2025-12-13,Dhule,16.812,75.42,30.64,10.73,50.79,4.51
2025-01-17,Aurangabad,19.3725,73.9161,30.32,0.73,34.08,5.48
2025-05-08,Satara,19.7985,75.1848,,2.86,87.41,4.91
2025-12-30,Kolhapur,19.5426,75.9028,28.92,18.02,52.29,8.14
2025-09-08,Ahmednagar,17.123,73.6662,29.76,21.68,56.52,2.22
2025-06-28,Kolhapur,19.1048,76.2103,28.71,3.78,58.11,4.74
2025-07-01,Dhule,19.0627,74.9375,34.9,11.66,51.16,6.12
2025-06-01,Aurangabad,20.4078,74.0473,24.89,16.91,81.82,4.87
2025-01-25,Satara,18.2061,74.508,27.24,5.87,68.74,3.24
2025-06-29,Aurangabad,18.1717,74.0927,21.93,2.33,56.53,5.46
2025-07-17,Jalgaon,19.2834,75.5379,20.94,1.58,39.04,2.77
2025-12-10,Satara,19.3488,75.7871,28.62,19.53,67.47,6.21
2025-06-10,Jalgaon,18.6118,75.9153,23.38,3.51,20.0,4.58
2025-06-26,Solapur,18.4938,76.4502,26.71,15.53,66.19,4.33
2025-10-12,Dhule,18.7237,75.7695,35.09,12.85,86.18,6.77
2025-03-04,Solapur,20.3747,75.1048,34.8,13.22,63.16,3.7
2025-05-30,Pune,18.5753,74.1873,38.12,13.7,83.71,2.89
2025-06-03,Aurangabad,20.7297,74.9061,35.19,22.47,39.87,3.83
2025-06-05,Jalgaon,18.768,73.1437,39.02,2.61,98.0,8.27
2025-02-18,Sangli,20.7714,75.6069,29.18,1.69,81.75,3.69
2025-12-03,Solapur,20.2477,74.5608,,1.14,70.57,5.75
2025-03-25,Pune,18.1309,73.0701,22.0,7.15,51.23,6.47
2025-12-27,Nashik,20.3864,73.2188,33.98,7.31,48.24,3.79
2025-06-26,Kolhapur,16.9953,74.3561,27.26,0.66,60.72,3.79
2025-05-28,Satara,20.6627,75.042,27.63,0.6,83.65,5.47
2025-04-28,Pune,19.3424,74.6247,24.25,30.94,38.32,5.54
2025-12-08,Dhule,16.7448,75.1672,24.85,15.63,62.19,7.22
2025-03-04,Solapur,19.3992,74.681,,0.99,75.22,4.05
2025-07-08,Dhule,20.8841,75.316,21.72,11.52,78.73,4.63
2025-12-26,Kolhapur,16.8141,73.7669,28.29,3.54,75.16,9.0
2025-02-18,Sangli,18.9961,73.395,34.56,5.32,36.48,2.51
2025-11-23,Aurangabad,19.8651,75.0875,16.33,16.16,82.37,2.2
2025-09-14,Aurangabad,20.1462,74.6964,19.29,6.69,63.21,3.13
2025-08-12,Dhule,18.3622,73.094,30.38,3.64,42.46,6.85
2025-05-21,Jalgaon,17.4187,74.3317,33.82,29.66,61.56,4.54
2025-08-03,Sangli,16.6905,73.3714,24.55,2.73,26.74,4.54
2025-07-30,Aurangabad,19.1088,74.8597,17.01,12.05,72.41,3.75
2025-11-14,Sangli,18.5381,74.3852,34.16,5.6,59.7,6.58
2025-02-01,Pune,20.7693,75.146,22.94,10.91,39.14,3.15
2025-06-07,Sangli,16.7727,75.8196,25.19,14.43,56.78,4.33
2025-10-12,Ahmednagar,19.5843,74.0488,28.6,27.1,49.27,3.81
2025-11-01,Kolhapur,16.6123,76.3674,23.67,1.24,50.42,1.19
2025-10-13,Aurangabad,17.2715,74.8747,22.62,31.37,21.3,4.48
2025-05-24,Sangli,18.5411,75.164,22.71,7.65,31.9,5.11
2025-01-19,Dhule,18.5469,75.3824,36.29,10.54,57.87,4.04
2025-01-18,Nashik,19.5857,75.3336,32.8,5.77,54.77,4.8
2025-09-14,Ahmednagar,20.596,74.7884,29.87,7.17,79.53,4.84
2025-03-19,Ahmednagar,19.3756,74.5007,16.07,12.3,50.63,5.0
2025-06-24,Jalgaon,20.7909,73.1882,29.89,0.49,52.51,3.62
2025-07-13,Sangli,20.4673,73.0773,29.62,10.83,53.36,3.53
2025-04-23,Jalgaon,19.1302,74.2529,20.61,6.97,58.45,5.27
2025-04-24,Jalgaon,20.2521,74.1678,28.29,18.18,63.65,2.99
2025-08-10,Nashik,19.3916,74.3569,32.26,2.75,54.69,4.88
2025-06-15,Pune,16.8535,73.4843,29.85,16.15,72.28,7.65
2025-11-15,Sangli,19.8325,75.5836,23.6,0.72,98.0,5.14
2025-05-12,Solapur,16.9271,75.9994,27.07,5.33,47.14,2.46
2025-09-21,Aurangabad,19.1734,76.2855,30.65,6.46,69.05,5.47
2025-02-24,Jalgaon,19.6619,74.7233,27.3,9.86,62.53,6.43
2025-12-25,Kolhapur,16.7994,75.453,33.27,13.22,80.85,4.01
2025-05-11,Satara,17.5386,75.9944,28.98,4.43,65.65,4.75
2025-10-15,Kolhapur,20.6205,74.464,30.76,2.22,48.92,3.88
2025-09-23,Nashik,19.2734,74.0829,31.11,7.51,41.03,4.51
2025-06-11,Nashik,17.6083,76.2785,21.67,15.41,72.99,4.2
2025-03-28,Dhule,19.6081,74.8049,27.25,26.14,42.49,5.85
2025-02-24,Pune,19.1855,74.7404,25.34,15.15,83.31,7.69
2025-10-15,Aurangabad,18.7571,73.6245,32.22,9.94,71.96,5.29
2025-06-27,Jalgaon,20.8928,73.3785,29.32,11.92,63.56,2.89
2025-12-15,Kolhapur,19.5755,75.9474,26.06,5.22,38.38,8.99
2025-01-08,Satara,18.1895,75.1495,20.59,3.18,74.16,6.07
2025-11-17,Nashik,20.1003,74.1404,19.02,18.77,91.1,6.38
2025-11-09,Nashik,20.4806,73.6711,28.55,32.24,54.35,5.1
2025-09-04,Pune,17.0635,74.9442,23.41,16.57,48.65,5.55
2025-11-19,Satara,17.4025,75.0437,30.33,14.42,60.34,4.69
2025-09-12,Satara,17.473,73.7245,18.78,3.31,70.4,6.56
2025-11-24,Pune,19.6105,75.9799,34.96,8.23,52.44,4.48
2025-02-23,Nashik,19.2137,73.2949,30.32,1.61,78.19,5.93
2025-09-06,Aurangabad,19.2855,74.2463,27.5,6.33,96.39,6.65
2025-08-27,Sangli,20.7335,75.3813,35.42,11.0,67.94,7.07
2025-08-17,Sangli,19.9916,73.9594,31.74,8.89,56.15,6.75
2025-03-08,Pune,17.0757,75.8969,24.62,0.38,69.92,3.66
2025-02-20,Satara,18.0638,75.5895,27.39,0.96,83.19,7.56
2025-04-07,Jalgaon,18.4593,75.7616,17.18,4.2,64.87,6.2
2025-04-02,Pune,18.2818,73.4169,32.32,34.31,70.73,5.66
2025-09-21,Aurangabad,19.5119,73.4919,25.52,11.02,74.69,5.83
2025-10-18,Pune,20.5135,74.0027,17.11,0.37,46.24,4.96
2025-04-06,Ahmednagar,17.8772,74.8133,21.09,10.89,70.26,4.5
2025-03-29,Kolhapur,18.9834,75.6181,31.35,14.85,37.84,4.65
2025-03-19,Satara,20.0523,75.9279,35.07,1.33,50.15,7.13
2025-10-15,Dhule,18.373,75.4652,27.1,2.26,82.62,5.32
2025-04-30,Dhule,17.2565,76.2501,22.09,33.96,77.68,5.62
2025-10-29,Satara,18.6373,75.5856,19.9,1.75,57.14,5.29
2025-06-14,Aurangabad,16.7485,74.0719,34.07,5.79,92.7,4.2
2025-07-01,Ahmednagar,20.7407,73.9278,29.25,11.56,38.42,1.98
2025-08-11,Ahmednagar,16.8367,75.4367,25.35,16.7,58.31,6.35
2025-11-07,Nashik,18.4731,73.675,24.16,11.08,66.95,6.19
2025-01-07,Kolhapur,18.8845,73.3245,30.36,5.29,20.0,5.18
2025-11-26,Sangli,20.9339,74.8628,30.22,6.43,59.16,3.56
2025-09-20,Solapur,17.2471,75.8757,22.52,20.46,41.76,7.93
2025-06-10,Aurangabad,17.0149,73.3548,21.29,0.28,42.17,4.69
2025-05-31,Solapur,16.5392,75.7716,21.54,2.74,57.1,5.57
2025-03-26,Solapur,17.2001,75.8405,24.66,0.96,29.14,4.15
2025-05-27,Satara,17.4327,74.688,23.55,22.66,47.46,3.18
2025-04-22,Dhule,19.3376,73.2006,35.09,5.58,29.56,6.08
2025-02-05,Dhule,17.4887,73.6111,24.48,3.72,64.23,2.95
2025-10-12,Sangli,16.5923,75.476,20.75,7.09,63.88,5.54
2025-07-07,Satara,20.2198,75.4912,21.03,18.04,55.73,5.55
2025-03-23,Solapur,18.1452,76.1442,26.08,5.86,79.94,3.52
2025-01-02,Jalgaon,18.0916,75.0394,17.89,5.95,56.67,3.26
2025-10-30,Dhule,17.8612,73.4344,26.7,0.62,61.58,4.04
2025-07-16,Aurangabad,20.8892,73.425,20.32,32.86,45.69,4.26
2025-01-11,Aurangabad,17.2655,75.524,32.79,10.57,20.54,2.91
2025-08-22,Nashik,20.5421,73.6432,27.58,1.07,59.38,3.51
2025-07-14,Pune,19.9956,74.1493,37.61,4.84,57.03,5.31
2025-04-29,Jalgaon,16.8442,74.7052,25.86,14.04,92.78,8.18
2025-01-20,Dhule,20.9403,73.0867,11.34,6.65,,6.71
2025-09-18,Ahmednagar,17.7211,73.8709,34.29,5.29,54.56,5.44
2025-10-20,Dhule,16.9436,74.4276,29.51,35.11,64.55,6.89
2025-09-13,Nashik,20.2319,73.9787,30.28,8.73,78.33,6.93
2025-08-10,Aurangabad,19.68,73.4773,21.99,1.35,71.3,4.74
2025-08-14,Solapur,19.2775,75.548,26.79,14.4,92.04,5.59
2025-02-22,Ahmednagar,17.2019,75.846,27.93,11.15,47.79,6.67
2025-12-21,Satara,18.6532,73.9012,25.81,4.4,79.55,6.87
2025-12-08,Kolhapur,20.0125,75.7105,18.33,15.58,54.39,6.89
2025-12-30,Solapur,17.8663,74.3494,40.84,22.37,65.49,3.66
2025-10-07,Kolhapur,17.9026,74.7734,31.18,20.08,51.96,6.96
2025-03-22,Jalgaon,16.5141,75.996,29.1,7.07,59.44,7.99
2025-07-21,Pune,17.2841,75.6248,33.57,7.1,65.81,7.44
2025-06-07,Ahmednagar,20.4393,75.8179,30.22,33.17,72.68,3.57
2025-04-30,Sangli,18.4879,73.479,23.61,1.75,63.1,3.19
2025-02-28,Ahmednagar,20.9291,73.244,33.25,1.87,20.0,5.9
2025-08-03,Dhule,18.2807,76.1269,31.26,9.72,60.61,7.41
2025-05-08,Aurangabad,19.7183,74.3574,23.8,16.51,88.47,5.54
2025-08-12,Dhule,17.7686,74.0076,30.95,0.84,60.47,4.85
2025-07-28,Dhule,18.1371,75.5364,25.8,30.68,88.97,5.06
2025-04-25,Jalgaon,17.3583,75.9275,28.04,30.16,59.84,6.73
2025-07-28,Solapur,18.0618,76.0187,30.0,18.29,33.7,4.72
2025-01-14,Sangli,18.9626,74.106,33.84,5.3,54.21,5.92
2025-01-09,Sangli,20.963,75.9827,23.77,3.13,51.95,5.0
2025-02-09,Dhule,19.4889,73.1433,28.82,0.91,57.87,3.87
2025-08-25,Kolhapur,17.3966,73.1738,37.08,2.44,40.66,3.75
2025-10-08,Jalgaon,16.7023,75.1823,26.12,7.53,61.84,5.99
2025-12-25,Dhule,17.0686,73.2209,27.98,30.4,56.09,1.14
2025-07-20,Pune,19.0315,74.1361,37.07,5.55,85.18,5.92
2025-09-03,Aurangabad,19.9432,75.3546,30.19,11.23,40.22,4.94
2025-10-05,Solapur,20.7319,74.1804,19.63,8.77,66.42,6.62
2025-08-23,Satara,16.5712,73.6286,23.02,12.19,69.4,6.1
2025-01-04,Pune,18.8524,73.9847,30.45,3.66,75.95,5.27
2025-06-03,Kolhapur,18.6189,74.6015,29.12,3.4,55.46,3.6
2025-01-29,Ahmednagar,19.4522,74.6639,27.81,7.9,65.97,3.68
2025-04-19,Ahmednagar,19.0181,75.7405,37.81,5.84,68.36,4.23
2025-04-08,Pune,19.5917,75.6255,23.91,3.86,32.33,6.5
2025-08-03,Dhule,19.4614,74.5989,26.63,13.84,56.1,7.85
2025-10-20,Satara,17.0266,75.9598,17.18,16.31,61.41,5.69
2025-03-16,Nashik,20.0987,73.3998,32.8,3.48,63.52,4.32
2025-11-22,Nashik,17.0545,73.8937,23.01,7.76,63.3,4.47
2025-05-26,Kolhapur,19.6434,75.8979,32.29,27.48,69.88,4.54
2025-05-08,Dhule,18.3727,74.323,31.76,5.0,96.88,6.76
2025-12-07,Sangli,18.8123,76.4341,38.75,2.49,51.28,4.51
2025-02-11,Sangli,20.5648,74.6319,30.25,11.49,68.86,5.13
2025-12-22,Solapur,20.5045,75.7718,25.22,8.31,85.42,7.22
2025-02-10,Satara,20.1804,74.4081,29.27,3.92,29.62,4.35
2025-02-03,Satara,18.7957,74.4873,23.2,18.43,66.83,6.04
2025-01-17,Ahmednagar,19.8131,74.3401,28.6,3.89,31.75,6.55
2025-06-14,Jalgaon,18.808,75.5168,26.0,4.0,98.0,5.3
2025-06-02,Kolhapur,20.4132,74.9163,26.65,3.13,71.4,8.13
2025-03-17,Nashik,18.3125,76.3032,22.51,2.38,68.97,7.7
2025-03-28,Kolhapur,20.8661,73.8781,28.5,0.86,28.28,5.59
2025-04-27,Sangli,20.6955,73.352,31.12,2.97,52.92,3.99
2025-12-28,Sangli,19.8372,74.3764,18.74,12.46,53.0,4.07
2025-12-08,Pune,17.7574,75.1585,23.56,5.87,93.8,5.52
2025-01-27,Solapur,17.0924,76.0128,27.84,22.43,75.13,3.56
2025-11-09,Satara,20.3462,74.2117,15.26,4.67,32.25,5.6
2025-10-14,Aurangabad,17.2439,75.2883,35.7,11.01,70.45,7.73
2025-05-14,Kolhapur,20.3442,74.2257,23.44,0.29,34.95,5.29
2025-08-07,Sangli,18.7084,75.1603,22.31,0.94,32.67,5.17
2025-06-17,Jalgaon,18.3295,76.0968,25.96,1.31,70.16,6.48
2025-04-08,Ahmednagar,20.5644,73.8098,27.69,2.85,75.41,5.99
2025-09-25,Nashik,19.2173,74.4148,23.22,16.58,70.26,3.48
2025-08-25,Solapur,19.0948,76.4764,31.9,6.59,95.83,4.52
2025-11-05,Jalgaon,19.0144,76.0399,29.0,11.26,68.64,8.04
2025-06-22,Solapur,18.1703,74.9762,,4.76,65.06,5.69
2025-07-09,Pune,20.0354,74.8082,24.39,10.86,40.11,3.69
2025-05-02,Aurangabad,17.6376,73.9961,19.42,0.82,77.44,4.91
2025-02-15,Sangli,20.725,74.8102,20.73,8.1,32.27,2.53
2025-03-05,Ahmednagar,20.5229,75.9686,28.94,0.18,98.0,2.41
2025-05-10,Jalgaon,18.0187,75.3981,22.87,4.82,77.67,6.67
2025-11-06,Solapur,19.7826,74.0152,36.02,3.45,98.0,5.19
2025-12-29,Satara,19.0795,73.7051,27.35,10.91,69.01,5.98
2025-07-12,Pune,18.0194,73.9282,20.24,0.61,78.56,6.94
2025-11-03,Satara,20.9483,73.5942,21.28,1.63,57.01,5.71
2025-06-30,Ahmednagar,16.6136,73.3347,32.26,18.29,61.22,6.3
2025-10-19,Jalgaon,17.6369,74.467,26.62,3.54,43.07,5.59
2025-10-09,Pune,18.8403,73.3965,31.96,1.04,35.94,7.13
2025-01-29,Jalgaon,18.8488,73.6017,25.17,8.76,65.41,7.86
2025-05-29,Sangli,19.1502,74.9156,24.2,3.81,61.11,5.5
2025-09-24,Dhule,19.8825,73.5761,32.6,8.12,42.63,5.44
2025-10-23,Pune,19.3057,73.2236,22.71,2.55,45.82,5.68
2025-01-11,Satara,19.2013,74.1109,29.45,33.16,62.58,5.04
2025-06-13,Ahmednagar,16.7408,73.7711,25.94,5.09,42.32,4.6
2025-04-23,Aurangabad,18.1944,74.8036,31.39,8.96,68.42,6.77
2025-07-06,Sangli,17.5443,73.3583,36.09,6.8,42.88,4.6
2025-10-22,Dhule,17.6942,75.6312,25.04,0.48,66.61,4.52
2025-08-20,Aurangabad,18.9945,76.1718,24.26,1.84,41.29,6.55
2025-08-15,Nashik,17.3978,75.602,30.33,0.45,41.36,6.66
2025-11-06,Sangli,17.8228,74.8649,21.59,0.69,20.0,8.7
2025-04-08,Ahmednagar,17.5669,76.0123,35.08,27.33,59.11,7.03
2025-02-24,Solapur,20.7683,75.4322,34.23,9.18,88.17,6.44
2025-04-21,Pune,20.751,73.0369,22.0,21.57,87.15,6.66
2025-06-01,Jalgaon,19.2447,74.3793,19.08,8.41,67.83,4.98
2025-09-03,Ahmednagar,20.6604,75.9783,21.2,18.48,25.98,6.04
2025-03-10,Pune,20.0362,74.2105,21.27,2.1,77.19,6.11
2025-11-08,Aurangabad,19.1548,73.1233,31.01,3.29,66.06,4.39
2025-10-16,Jalgaon,16.529,75.6116,34.75,10.55,54.68,5.13
2025-09-07,Kolhapur,19.9763,75.8071,30.95,1.81,83.73,6.63
2025-02-05,Satara,19.6612,73.5621,25.82,28.4,73.08,5.17
2025-08-27,Nashik,19.2686,74.8807,28.71,5.96,97.31,6.12
2025-05-28,Sangli,19.9219,73.6718,22.65,21.02,36.7,6.55
2025-08-15,Ahmednagar,18.8081,75.5173,32.49,2.6,38.11,6.48
2025-09-01,Nashik,19.6684,73.9504,,4.74,41.14,7.8
2025-12-03,Solapur,20.7083,74.1068,30.87,2.92,56.87,4.33
2025-12-31,Pune,18.1911,75.9574,23.36,24.58,90.59,7.66
2025-07-20,Pune,19.6865,74.6671,26.16,0.68,50.78,5.91
2025-06-03,Ahmednagar,18.6406,75.3441,30.63,20.09,51.16,6.45
2025-03-14,Dhule,19.5348,74.4083,34.22,13.12,69.51,6.25
2025-07-20,Dhule,19.933,74.043,23.96,0.81,77.18,6.17
2025-10-23,Kolhapur,16.7045,75.1892,30.9,12.82,21.74,4.24
2025-01-17,Satara,19.4097,73.542,23.44,4.58,80.71,6.4
2025-05-09,Jalgaon,17.5203,74.3055,37.59,2.98,50.21,3.04
2025-08-05,Solapur,19.5151,73.7316,24.93,4.12,60.16,8.34
2025-03-02,Nashik,18.6075,75.4353,30.22,1.23,,5.77
2025-04-14,Dhule,19.981,76.3047,27.83,0.02,58.1,6.94
2025-02-11,Kolhapur,17.0553,76.4843,40.03,8.51,34.43,6.22
2025-01-25,Kolhapur,19.3185,74.576,28.15,35.25,35.47,5.25
2025-02-08,Ahmednagar,17.7531,73.8839,24.42,1.7,61.48,4.39
2025-10-18,Solapur,20.3384,74.5499,30.2,5.62,55.98,4.1
2025-05-11,Aurangabad,20.6777,75.9654,30.09,0.78,63.07,6.37
2025-08-17,Jalgaon,20.9838,73.721,26.21,12.3,54.78,6.29
2025-04-18,Satara,20.082,76.3323,21.53,6.92,84.35,6.04
2025-06-21,Sangli,19.8918,74.1965,24.36,3.72,62.45,5.02
2025-04-12,Ahmednagar,17.4698,76.4503,31.41,0.66,30.27,5.82
2025-12-20,Jalgaon,18.012,75.9351,18.26,8.06,76.7,4.57
2025-01-12,Sangli,18.5956,75.83,25.76,22.56,96.31,4.18
2025-10-02,Sangli,19.9802,74.1127,31.97,10.73,64.79,4.78
2025-04-11,Solapur,20.6173,73.0307,26.53,21.76,66.19,4.85
2025-02-13,Solapur,17.3511,74.3375,37.87,28.42,47.96,7.4
2025-11-01,Nashik,20.6507,74.0563,18.28,7.42,57.64,3.15
2025-01-17,Kolhapur,19.6303,73.1309,22.19,3.18,71.05,5.15
2025-11-26,Jalgaon,19.2485,74.7688,15.43,12.99,82.37,6.15
2025-02-26,Ahmednagar,17.3993,74.4106,36.97,12.64,70.03,8.18
2025-11-07,Pune,16.7499,75.2209,22.28,9.93,94.72,4.29
2025-10-30,Ahmednagar,19.0581,75.1742,17.07,14.26,63.77,3.53
2025-01-12,Nashik,19.4318,73.4226,23.94,3.32,41.81,6.28
2025-11-14,Satara,17.4485,76.4194,20.04,3.03,42.33,5.45
2025-03-21,Kolhapur,19.0041,73.6543,23.98,18.94,84.22,4.87
2025-08-04,Pune,20.3542,74.5585,27.21,4.5,80.13,5.86
2025-12-05,Dhule,20.2578,74.7084,31.02,11.26,32.4,6.49
2025-09-21,Satara,20.6731,75.8457,26.13,7.83,58.23,6.31
2025-05-29,Solapur,18.1465,73.3473,27.13,5.99,58.88,5.65
2025-03-22,Sangli,17.9312,74.5003,24.09,13.5,48.47,7.18
2025-08-03,Dhule,19.8724,75.1998,19.44,10.41,36.61,5.5
2025-07-17,Ahmednagar,18.44,73.753,17.77,4.89,48.08,5.26
2025-07-19,Ahmednagar,16.894,75.1961,25.18,18.27,44.84,6.27
2025-01-25,Solapur,17.7726,76.2328,27.42,7.7,37.04,3.31
2025-03-30,Nashik,18.3836,76.4913,24.81,11.35,76.92,6.12
2025-09-25,Jalgaon,17.8163,73.1136,17.95,1.51,67.09,4.75
2025-05-23,Dhule,17.9949,73.8246,28.01,1.36,53.65,3.21
2025-02-28,Dhule,17.822,74.0861,35.15,0.72,24.73,5.84
2025-12-31,Aurangabad,16.6867,74.3969,26.43,6.73,56.62,4.51
2025-01-26,Satara,19.3669,73.8479,24.1,1.62,71.38,2.78
2025-02-16,Kolhapur,19.1878,73.7122,26.7,6.27,48.75,3.89
2025-10-15,Satara,19.4402,76.3409,21.48,24.66,41.3,7.73
2025-09-23,Jalgaon,17.3654,76.2148,21.16,2.32,59.79,4.36
2025-01-16,Ahmednagar,17.8304,73.1645,29.26,8.0,68.03,5.68
2025-07-18,Ahmednagar,19.2883,74.1858,31.95,6.98,26.0,3.57
2025-10-09,Ahmednagar,19.1983,74.418,26.26,0.57,86.37,8.35
2025-03-27,Aurangabad,18.7785,73.8366,17.13,2.16,39.52,5.3
2025-09-07,Ahmednagar,18.0769,75.2011,28.77,0.92,54.39,4.17
2025-09-27,Jalgaon,20.6082,75.2413,37.34,5.69,83.26,6.53
2025-12-01,Solapur,18.029,75.9768,25.78,35.49,64.26,8.28
2025-04-27,Kolhapur,18.5503,75.593,26.11,3.04,81.73,4.59
2025-01-07,Jalgaon,19.5515,74.899,22.64,4.11,89.97,4.14
2025-05-17,Kolhapur,18.9436,75.2876,29.41,1.37,35.73,8.64
2025-06-25,Jalgaon,18.061,73.959,23.65,5.18,78.24,5.02
2025-11-24,Ahmednagar,18.4604,75.0757,32.11,35.23,85.86,4.85
2025-11-11,Solapur,20.0752,74.7123,23.71,10.56,55.24,1.98
2025-08-03,Dhule,17.7516,73.4667,28.71,4.9,56.67,5.15
2025-03-23,Satara,17.1401,73.8489,26.77,29.52,27.57,3.17
2025-08-11,Sangli,17.9092,74.0209,34.78,19.71,76.06,4.36
2025-04-13,Solapur,20.3229,76.2351,29.05,1.74,20.0,2.18
2025-09-30,Dhule,16.9005,73.8064,33.94,3.65,79.44,7.05
2025-01-14,Nashik,20.9626,74.0124,27.54,9.52,36.48,3.0
2025-06-08,Jalgaon,18.9345,74.2927,26.15,11.86,87.03,2.29
2025-06-01,Nashik,20.9318,75.3231,26.81,5.38,69.13,3.84
2025-04-18,Dhule,20.7255,73.4138,23.14,14.08,80.16,7.07
2025-07-07,Solapur,18.5377,76.3388,29.66,9.56,47.37,4.53
2025-10-28,Jalgaon,17.3932,76.0295,23.55,21.75,38.0,4.73
2025-04-08,Sangli,17.242,75.0203,27.56,10.41,30.25,5.92
2025-05-11,Ahmednagar,17.58,75.3591,31.28,5.37,81.64,4.97
2025-10-20,Jalgaon,19.6956,73.0583,34.92,6.92,73.93,7.06
2025-06-20,Jalgaon,17.7283,74.1863,27.81,6.44,74.57,4.84
2025-07-02,Solapur,18.0364,75.7848,31.31,4.85,67.25,4.87
2025-12-30,Solapur,18.5195,73.2712,30.71,6.8,71.79,8.6
2025-02-08,Dhule,20.6095,73.9881,25.09,2.98,,5.28
2025-01-15,Pune,17.3523,75.0485,37.54,0.48,68.67,5.55
2025-01-04,Jalgaon,16.5226,73.8974,24.12,2.53,46.58,4.88
2025-12-15,Satara,16.7704,76.2689,27.45,10.61,55.83,1.56
2025-07-29,Jalgaon,20.5714,73.4587,34.27,8.45,98.0,6.51
2025-06-10,Dhule,19.4138,75.7909,34.15,4.99,62.7,7.69
2025-01-16,Kolhapur,17.7287,74.7778,27.07,1.29,26.51,7.08
2025-04-18,Nashik,17.2974,75.6262,31.95,0.28,54.65,4.36
2025-11-07,Ahmednagar,17.8242,74.0875,25.88,8.98,42.96,4.94
2025-08-15,Pune,17.0166,74.8007,24.56,9.82,64.87,5.72
2025-06-19,Sangli,20.7369,75.9989,20.94,6.72,45.99,5.67
2025-02-03,Sangli,20.0289,74.6341,30.62,13.35,58.19,6.22
2025-09-08,Sangli,18.5808,74.259,31.15,4.85,48.68,5.5
2025-09-04,Solapur,20.3923,74.8765,24.16,8.27,65.55,4.66
2025-09-26,Sangli,17.6226,75.5108,28.34,1.02,50.71,5.41
2025-05-21,Ahmednagar,19.727,74.5525,40.25,11.62,68.42,6.7
2025-04-13,Pune,18.6977,75.9965,26.25,19.46,76.61,8.12
2025-12-15,Ahmednagar,19.819,74.2487,28.61,2.15,95.24,3.47
2025-09-28,Kolhapur,18.8636,75.6511,35.1,6.78,63.96,6.29
2025-04-17,Solapur,16.6469,74.0328,26.23,1.98,95.3,1.52
2025-03-13,Nashik,20.4085,74.046,30.96,9.61,45.01,4.85
2025-07-08,Sangli,16.7911,73.3747,29.06,18.69,58.3,5.54
2025-01-21,Jalgaon,20.8012,74.5402,30.13,3.61,59.93,4.08
2025-04-13,Dhule,16.6131,75.554,28.9,7.74,43.23,2.52
2025-05-02,Jalgaon,19.625,76.2908,24.26,9.55,20.0,5.14
2025-08-03,Aurangabad,16.8699,75.1133,24.76,4.34,77.65,7.5
2025-11-27,Jalgaon,20.598,76.021,22.73,2.53,45.26,4.98
2025-03-29,Kolhapur,18.5899,75.8787,18.8,1.05,54.79,6.04
2025-04-10,Solapur,17.1189,73.6067,33.22,6.11,90.52,6.89
2025-12-26,Sangli,18.0337,74.7004,27.05,14.72,72.3,8.91
2025-06-01,Nashik,17.2417,73.4092,32.97,14.71,93.32,3.62
2025-05-11,Nashik,17.2676,75.3875,34.83,2.31,64.17,3.78
2025-05-30,Ahmednagar,20.7665,76.3246,27.27,2.77,72.0,4.76
2025-11-05,Dhule,18.5036,73.4798,20.43,14.59,57.67,6.12
2025-09-15,Pune,20.0496,75.5686,26.02,22.7,46.72,1.72
2025-12-10,Solapur,19.3782,75.2128,23.64,5.27,71.93,6.18
